AK,00A,0.6606054967002867
AK,00B,0.689246934615124
AK,00C,0.7650489615337049
AK,00D,0.7459311183814731
AK,00E,0.6936051250581912
AK,00F,0.8184876983425788
AK,00G,0.7223507330800409
AK,00H,0.8885971271507271
AK,00I,0.5887751492613522
AK,00J,0.6229624274183649
AK,00K,0.7290971942604265
AK,00L,0.9193741463668446
AK,00M,0.8815735008819751
AK,00N,0.5672945759512946
AK,00O,0.6535797024426755
AK,00P,0.3656817573092407
AK,00Q,0.7202990561208772
AK,00R,0.7833207658122743
AK,00S,0.07566390985440229
AK,00T,0.6698895226493486
AL,001,0.5436096526755546
AL,002,0.8930941063312889
AL,003,0.9503516317636325
AL,004,0.6958126782748997
AL,005,0.9789460741670495
AL,006,0.805266222541359
AL,007,0.7811916286536379
AL,008,0.8799113362114964
AL,009,0.9009699905374012
AL,010,0.7806951190913564
AL,011,0.6881367152751652
AL,012,0.6928096172535446
AL,013,0.7016992501897145
AL,014,0.7782432505926785
AL,015,0.7650308334977867
AL,016,0.9070450162760558
AL,017,0.7191836968263193
AL,018,0.5000263927523416
AL,019,0.7268774956368526
AL,020,0.754605072811297
AL,021,0.6378565192774194
AL,022,0.7408407604305566
AL,023,0.9207684067304431
AL,024,0.8476055111312177
AL,025,0.6636142244612975
AL,026,0.7778744469847924
AL,027,0.6680285029732395
AL,028,0.8718998504451005
AL,029,0.7060527057613211
AL,030,0.8573601336515408
AL,031,0.8044903595905991
AL,032,0.9376935020425693
AL,033,0.8534369353487264
AL,034,0.9184593096492393
AL,035,0.9666312459047388
AR,001,0.8859778009659119
AR,002,0.6625852185263175
AR,003,0.9612367347894856
AR,004,0.8908680717908726
AR,005,0.7582019925893553
AR,006,0.941565259952489
AR,007,0.7950105684890041
AR,008,0.7988776659545683
AR,009,0.8176571193170888
AR,010,0.9389926944952374
AR,011,0.7448439200661249
AR,012,0.7477112159955599
AR,013,0.748004715777745
AR,014,0.8292899798186694
AR,015,0.7947777607955866
AR,016,0.7879943682488619
AR,017,0.7623334378480494
AR,018,0.7784053509832568
AR,019,0.8220135543151144
AR,020,0.7629523409402132
AR,021,0.7972094732740137
AR,022,0.766556109152601
AR,023,0.8686377415405875
AR,024,0.7542410905134751
AR,025,0.6724925157186943
AR,026,0.9578774192195798
AR,027,0.7151712414189393
AR,028,0.8866999290757919
AR,029,0.8722175732290803
AR,030,0.8821528721514686
AR,031,0.935491463868224
AR,032,0.5891412570105368
AR,033,0.7123685027625327
AR,034,0.6080247641249826
AR,035,0.809539892484162
AZ,001,0.9043232382401607
AZ,002,0.8450432633719759
AZ,003,0.8552895800106702
AZ,004,0.794803562338365
AZ,005,0.6962451480107953
AZ,006,0.6778439606800365
AZ,007,0.7866089884486795
AZ,008,0.8332958758085109
AZ,009,0.7755562605139164
AZ,010,0.8370773165424559
AZ,011,0.6166417671590437
AZ,012,0.7833701438681352
AZ,013,0.6951948448766209
AZ,014,0.9063512979119129
AZ,015,0.7932748734921478
AZ,016,0.9344787785181573
AZ,017,0.9137595270842684
AZ,018,0.6681192992029473
AZ,019,0.7698708107845194
AZ,020,0.7507496809910639
AZ,021,0.9122066133275494
AZ,022,0.9004110996456899
AZ,023,0.859086305799968
AZ,024,0.6121537150677984
AZ,025,0.764305345486057
AZ,026,0.7104122363094783
AZ,027,0.8021010050306031
AZ,028,0.9220725318040739
AZ,029,0.7421336943770923
AZ,030,0.8345424244406418
CA,001,0.7909065194607302
CA,002,0.7270256233231789
CA,003,0.9618355253731061
CA,004,0.950516184863313
CA,005,0.9545168534675099
CA,006,0.8790805112005496
CA,007,0.91416733647705
CA,008,0.7093132461138767
CA,009,0.8277923484511904
CA,010,0.8351739378983698
CA,011,0.3433237147069063
CA,012,0.9464074953414006
CA,013,0.9349527378252291
CA,014,0.8492905289719582
CA,015,0.7410604310535721
CA,016,0.6975118219516523
CA,017,0.6145698787537388
CA,018,0.9100209653086271
CA,019,0.7600215390768457
CA,020,0.6432961150356872
CA,021,0.6434383902369597
CA,022,0.8165526962137531
CA,023,0.759023870803923
CA,024,0.8841919675845683
CA,025,0.8430160860403182
CA,026,0.42079841841829124
CA,027,0.9548940543472991
CA,028,0.6169386368225432
CA,029,0.8116575296615147
CA,030,0.8079819807477046
CA,031,0.7493925398292295
CA,032,0.9494562758623641
CA,033,0.6372071362659636
CA,034,0.8049074238698013
CA,035,0.7846612895238072
CA,036,0.781106923601285
CA,037,0.8692671948602962
CA,038,0.901117321443941
CA,039,0.8383437867070296
CA,040,0.692049475887709
CO,001,0.9274535315165502
CO,002,0.7676171076415622
CO,003,0.8912484741377937
CO,004,0.8673954891641134
CO,005,0.8514313157655118
CO,006,0.8839897739225764
CO,007,0.7969414161714482
CO,008,0.8372138412237967
CO,009,0.8376514835911331
CO,010,0.8965988176626728
CO,011,0.7118888519521696
CO,012,0.7951881887351725
CO,013,0.8090919459009107
CO,014,0.9389973022940347
CO,015,0.9158589635679776
CO,016,0.7006146759439429
CO,017,0.6544888541127198
CO,018,0.9077142693303062
CO,019,0.9633898303551368
CO,020,0.6368480846861884
CO,021,0.6485983743461567
CO,022,0.6145826280814238
CO,023,0.6193831309417437
CO,024,0.8830929866420192
CO,025,0.6276258955411854
CO,026,0.6199593161311149
CO,027,0.5487995861005878
CO,028,0.7262773388247581
CO,029,0.545660338212769
CO,030,0.8205950832463544
CO,031,0.751449037597115
CO,032,0.8056171978708048
CO,033,0.4929549525865938
CO,034,0.8503614031778243
CO,035,0.7074852076383201
CT,001,0.9109039735172786
CT,002,0.9567375041719417
CT,003,0.8149938292762249
CT,004,0.8266044010155902
CT,005,0.6355852583316265
CT,006,0.8594295597489569
CT,007,0.6607086818484716
CT,008,0.8047894045304418
CT,009,0.7055465381753939
CT,010,0.9505509856017091
CT,011,0.6258743361030664
CT,012,0.9174327087682193
CT,013,0.6421328718124139
CT,014,0.881586125959509
CT,015,0.8679513512371955
CT,016,0.9108831445813239
CT,017,0.861453019429431
CT,018,0.8030639668513045
CT,019,0.6280973480933526
CT,020,0.8937644689186158
CT,021,0.7360009555158583
CT,022,0.8201434615681694
CT,023,0.9040697516303526
CT,024,0.7555554847242236
CT,025,0.9005253458170555
CT,026,0.8020890177321996
CT,027,0.8760452898768251
CT,028,0.6985278623545407
CT,029,0.6297884466606769
CT,030,0.864105814728359
CT,031,0.77990843943587
CT,032,0.9018455965200312
CT,033,0.907925252526492
CT,034,0.716404178486654
CT,035,0.8453106361612764
CT,036,0.8405279803747724
DC,001,0.9095690659024182
DC,002,0.8551355354122382
DC,003,0.9342045937120039
DC,004,0.9191271848386159
DC,005,0.938597859050123
DC,006,0.8896148886905157
DC,007,0.9331115446267708
DC,008,0.8393028091083606
DE,001,0.624473181256695
DE,002,0.8930252223382847
DE,003,0.7784970104689143
DE,004,0.7819935636502193
DE,005,0.9291461117282743
DE,006,0.8702282393587565
DE,007,0.868399781761988
DE,008,0.71927889748402
DE,009,0.8648631268136989
DE,010,0.6745821057331507
DE,011,0.9458152971032038
DE,012,0.7980778036070332
DE,013,0.6158951799569373
DE,014,0.8231201110145279
DE,015,0.8213109988799846
DE,016,0.9332609929405289
DE,017,0.8968149408663868
DE,018,0.7116152844834318
DE,019,0.6048435828050541
DE,020,0.8583984354967069
DE,021,0.873955599302466
FL,001,0.842469369285416
FL,002,0.8662975267285404
FL,003,0.746688607811745
FL,004,0.80928145418209
FL,005,0.8398064395727105
FL,006,0.8786945580841894
FL,007,0.8330023869980056
FL,008,0.6548731123533342
FL,009,0.7903230960496289
FL,010,0.9079871508476309
FL,011,0.7919923381062091
FL,012,0.8655799376706073
FL,013,0.8198136593288832
FL,014,0.7047393178969361
FL,015,0.8517036836105354
FL,016,0.8782978228809866
FL,017,0.7629983016132024
FL,018,0.8033985615815473
FL,019,0.5715571817985569
FL,020,0.9544650685592286
FL,021,0.7795450592527178
FL,022,0.7447473135690355
FL,023,0.730119834860569
FL,024,0.9033617070327827
FL,025,0.9535598088549002
FL,026,0.735969817674967
FL,027,0.9517097792674281
FL,028,0.8782916779455289
FL,029,0.8809604989066041
FL,030,0.9209957102582004
FL,031,0.842488149186531
FL,032,0.6347900677759389
FL,033,0.6887548551850551
FL,034,0.7035810686544268
FL,035,0.7446485677307306
FL,036,0.9430878825547402
FL,037,0.844216609720494
FL,038,0.9370842387793931
FL,039,0.6995333363015852
FL,040,0.7488730225823962
GA,001,0.8584910056804014
GA,002,0.8588167732508754
GA,003,0.9052162535048215
GA,004,0.7630024067030627
GA,005,0.47513903740582375
GA,006,0.7967435527758889
GA,007,0.7393329476441545
GA,008,0.7978962042910123
GA,009,0.7107089824099487
GA,010,0.8030001340531625
GA,011,0.7815167842290535
GA,012,0.9128284915192549
GA,013,0.8478296246215553
GA,014,0.8924560083595391
GA,015,0.9019319941198964
GA,016,0.8685987047846816
GA,017,0.7002365708885456
GA,018,0.8736346556292659
GA,019,0.8188175932416918
GA,020,0.7078617778841505
GA,021,0.845170853867764
GA,022,0.7827446867171314
GA,023,0.8427648561311902
GA,024,0.8053049741204058
GA,025,0.9114470458783595
GA,026,0.8061496360175555
GA,027,0.9229400502989007
GA,028,0.8923899372976234
GA,029,0.9080965880718903
GA,030,0.7947267721870629
GA,031,0.8596345321228961
GA,032,0.859311198268216
GA,033,0.6889721282786225
GA,034,0.822137350943022
GA,035,0.8566504609895274
GA,036,0.7979783370778507
GA,037,0.9788650119869238
GA,038,0.9004597912178082
GA,039,0.5169003069884657
GA,040,0.9151506138893678
GA,041,0.7634418533775845
GA,042,0.9042134411248324
GA,043,0.900015323592629
GA,044,0.6267412832648793
GA,045,0.8279961313889973
GA,046,0.7294564058591514
GA,047,0.6720608654470765
GA,048,0.8521395015036437
GA,049,0.9064484831176353
GA,050,0.8386131430538326
GA,051,0.9330390360277854
GA,052,0.8810749520042995
GA,053,0.9469407208230447
GA,054,0.8693669462946586
GA,055,0.6771906515295869
GA,056,0.8600880722518821
HI,001,0.8673536924901917
HI,002,0.8201897900635442
HI,003,0.8757413852082321
HI,004,0.9035370664811527
HI,005,0.8175723458656805
HI,006,0.7328951886036652
HI,007,0.5983983506858569
HI,008,0.588876802793516
HI,009,0.8343211894397371
HI,010,0.6950221336295935
HI,011,0.8352048018818141
HI,012,0.8269216643993389
HI,013,0.6509791394114914
HI,014,0.9607391002152642
HI,015,0.9506784459417669
HI,016,0.7598056655820927
HI,017,0.4631661911108347
HI,018,0.6974844851175971
HI,019,0.9495962467765595
HI,020,0.7347176099982431
HI,021,0.7783972901584766
HI,022,0.9124207439674158
HI,023,0.7308003769772096
HI,024,0.7489531175958627
HI,025,0.0301865839452154
IA,001,0.572545639609
IA,002,0.8505161516926723
IA,003,0.8875627544876
IA,004,0.8213330397650674
IA,005,0.9557058536904873
IA,006,0.7918131295333837
IA,007,0.7274077195270349
IA,008,0.8908606081890563
IA,009,0.9361180669551464
IA,010,0.8577851255114035
IA,011,0.564030369191569
IA,012,0.6774344855420935
IA,013,0.7951177155436117
IA,014,0.8067580206867515
IA,015,0.7719273628315487
IA,016,0.7265639530663817
IA,017,0.9401106345948663
IA,018,0.8569180995826647
IA,019,0.9178506363235922
IA,020,0.9316585461694515
IA,021,0.880208476969554
IA,022,0.7570535349710552
IA,023,0.8769614044265746
IA,024,0.8394292783212357
IA,025,0.7466883858906994
IA,026,0.7970106258214856
IA,027,0.8268838033071042
IA,028,0.9352970539329148
IA,029,0.8411372556242869
IA,030,0.8891248351875118
IA,031,0.7565407671202428
IA,032,0.8744706847007807
IA,033,0.7444430861200515
IA,034,0.7308459836764609
IA,035,0.8981706647083944
IA,036,0.806019341825582
IA,037,0.8631593321816239
IA,038,0.86324475847688
IA,039,0.7886556480305343
IA,040,0.8908708508328447
IA,041,0.911131685957625
IA,042,0.8585762490375011
IA,043,0.8936356996689331
IA,044,0.8300002119868812
IA,045,0.712543889140077
IA,046,0.7195647495545158
IA,047,0.8971330526203989
IA,048,0.9358775829683932
IA,049,0.8884356108873838
IA,050,0.9034074324722249
ID,001,0.9426330639557715
ID,002,0.8988392114824818
ID,003,0.8837439579288225
ID,004,0.7641120098296528
ID,005,0.9676887876102334
ID,006,0.9003412901211486
ID,007,0.878114095576155
ID,008,0.8394385483876274
ID,009,0.8866061791440718
ID,010,0.9137177632214247
ID,011,0.7187431389499456
ID,012,0.7480128653661491
ID,013,0.7564345266838292
ID,014,0.9228810658440999
ID,015,0.9243273226632633
ID,016,0.8865402023728767
ID,017,0.8103698673357176
ID,018,0.7751824413562549
ID,019,0.8168460521845229
ID,020,0.9005630836403022
ID,021,0.8755292198764338
ID,022,0.9193586859868391
ID,023,0.8998409842439213
ID,024,0.8549800248632602
ID,025,0.8239099949354554
ID,026,0.8455526703907975
ID,027,0.8888415783241871
ID,028,0.7858973131778705
ID,029,0.8468249583001528
ID,030,0.7651940853465988
ID,031,0.74080999908305
ID,032,0.7423863236118164
ID,033,0.8111387045934196
ID,034,0.8810246768056241
ID,035,0.7376319793617935
IL,001,0.6471085867895051
IL,002,0.4954753138043684
IL,003,0.6345302857888147
IL,004,0.7509342012786132
IL,005,0.7963256369360129
IL,006,0.8602135357868901
IL,007,0.8867123142520805
IL,008,0.7244883471535886
IL,009,0.8129555439022152
IL,010,0.8029598105577213
IL,011,0.733254894835606
IL,012,0.644640602152764
IL,013,0.5297601259862574
IL,014,0.6385336059532905
IL,015,0.6450419045282672
IL,016,0.44063705948098075
IL,017,0.6274976258797776
IL,018,0.6616259858003679
IL,019,0.7006467746523076
IL,020,0.838829859227212
IL,021,0.8697774180844279
IL,022,0.688958150430726
IL,023,0.7072738706255332
IL,024,0.8201111807429596
IL,025,0.7737197784033318
IL,026,0.7880487516520424
IL,027,0.7728906969583612
IL,028,0.5904192477055933
IL,029,0.738109546010097
IL,030,0.5912293485063129
IL,031,0.7828339856366001
IL,032,0.8415294832780364
IL,033,0.843106403810059
IL,034,0.951669501368717
IL,035,0.7484968604072959
IL,036,0.5591229600531548
IL,037,0.8154482034857536
IL,038,0.7676354072218504
IL,039,0.6900552889753255
IL,040,0.7755567929530851
IL,041,0.8291458573770393
IL,042,0.8862970535519333
IL,043,0.7626722346800446
IL,044,0.8897552875265718
IL,045,0.7623671056800863
IL,046,0.824320654519529
IL,047,0.9150368232569098
IL,048,0.8282928385976406
IL,049,0.8202074948706597
IL,050,0.8781935840349261
IL,051,0.851661635080062
IL,052,0.7101507561674134
IL,053,0.7868734313451088
IL,054,0.8743546216990182
IL,055,0.9253134956439711
IL,056,0.742888769971753
IL,057,0.8482889850889507
IL,058,0.750294017769797
IL,059,0.909677736237138
IN,001,0.8411908014412366
IN,002,0.6433674626848365
IN,003,0.8112159704362366
IN,004,0.9107820445958412
IN,005,0.8947539112603111
IN,006,0.6958682647822707
IN,007,0.73506555785692
IN,008,0.9309342085186408
IN,009,0.8100163353829288
IN,010,0.856867941192847
IN,011,0.6665392807538537
IN,012,0.9314556853919898
IN,013,0.8873775207919127
IN,014,0.8420267382206499
IN,015,0.7641478449130147
IN,016,0.9439376502404206
IN,017,0.8929661087253837
IN,018,0.913932794746907
IN,019,0.9027455342662531
IN,020,0.7578453243463195
IN,021,0.9319005528483669
IN,022,0.8939008398900627
IN,023,0.8456974201287653
IN,024,0.7918367579671152
IN,025,0.6456525336792269
IN,026,0.8076642475985165
IN,027,0.7407273333959656
IN,028,0.9453065495197563
IN,029,0.7318887262903302
IN,030,0.8670198807566407
IN,031,0.8148435757700792
IN,032,0.9597986497588047
IN,033,0.9387410960669957
IN,034,0.6810343643774145
IN,035,0.6936957286486581
IN,036,0.8611771881766862
IN,037,0.7306796363632665
IN,038,0.8461162033952646
IN,039,0.9650123301648158
IN,040,0.9700669328875543
IN,041,0.8128247654114075
IN,042,0.8480320702498465
IN,043,0.8268961730759035
IN,044,0.8970897254946117
IN,045,0.6909749455765143
IN,046,0.8774769131955852
IN,047,0.9100571157513578
IN,048,0.8587914152613256
IN,049,0.8769010044766743
IN,050,0.8835169538302651
KS,001,0.8449842130505055
KS,002,0.9496354543839908
KS,003,0.7780209971737101
KS,004,0.7967035165470218
KS,005,0.6998716068684723
KS,006,0.7395523951539718
KS,007,0.9375665291901614
KS,008,0.9697020183881203
KS,009,0.9040961232015515
KS,010,0.7226102438824749
KS,011,0.8695185240569868
KS,012,0.9632579864665821
KS,013,0.8993229395576503
KS,014,0.9240809401583729
KS,015,0.8837638583892335
KS,016,0.8164120366721505
KS,017,0.6786251916830405
KS,018,0.7432169331817243
KS,019,0.8836802745230636
KS,020,0.7663092598049537
KS,021,0.6284177115416087
KS,022,0.8555858962112176
KS,023,0.9190418221689282
KS,024,0.7079709364362621
KS,025,0.8582378280288099
KS,026,0.67202096939101
KS,027,0.7963964399830384
KS,028,0.8123277757375529
KS,029,0.9055598728308785
KS,030,0.9201591819838629
KS,031,0.9481454318238693
KS,032,0.6178325627896781
KS,033,0.7490401892734508
KS,034,0.96667647216851
KS,035,0.7142789003301963
KS,036,0.8059739728316752
KS,037,0.9256036015707767
KS,038,0.9178437488230518
KS,039,0.9361963482816538
KS,040,0.8458588110114603
KY,001,0.6248212956646124
KY,002,0.6645062128763959
KY,003,0.835596557348115
KY,004,0.8001152813375377
KY,005,0.8270096871071628
KY,006,0.7743916974259811
KY,007,0.7320634800875433
KY,008,0.7949866932950981
KY,009,0.7343524581274342
KY,010,0.895169689542105
KY,011,0.94251177382877
KY,012,0.6135898565125496
KY,013,0.8497849730549376
KY,014,0.6681939498672037
KY,015,0.7990590533834782
KY,016,0.7860540733130441
KY,017,0.6604473264337054
KY,018,0.9186030589081764
KY,019,0.65444327819692
KY,020,0.8785239177253755
KY,021,0.6255871585333797
KY,022,0.6809829278220361
KY,023,0.8309223642649717
KY,024,0.8324797177752103
KY,025,0.6739105411817422
KY,026,0.8382616480564558
KY,027,0.77233367089672
KY,028,0.6834620970219466
KY,029,0.7025495606631277
KY,030,0.655446622684774
KY,031,0.6397911733423669
KY,032,0.9417797434569676
KY,033,0.7479743451546653
KY,034,0.791712556656152
KY,035,0.6592161674888659
KY,036,0.8003520402040077
KY,037,0.6995892482920429
KY,038,0.9438177659204435
LA,001,0.8606959087958842
LA,002,0.6853443079706756
LA,003,0.5575444664799876
LA,004,0.6194344589559613
LA,005,0.8568688927917849
LA,006,0.45414641060192534
LA,007,0.763421605608646
LA,008,0.6712177397031107
LA,009,0.7688142566426759
LA,010,0.7596029181740259
LA,011,0.7178700755053411
LA,012,0.9126829820502635
LA,013,0.8800476262319116
LA,014,0.6815694157603542
LA,015,0.7866889616425823
LA,016,0.8407823207864559
LA,017,0.67174184770748
LA,018,0.8771396104963451
LA,019,0.8206886081898415
LA,020,0.8913502157296814
LA,021,0.782204890912553
LA,022,0.6702212123962196
LA,023,0.9468117046984451
LA,024,0.6799035081742281
LA,025,0.7903893151849078
LA,026,0.9056014502967523
LA,027,0.7955353301164579
LA,028,0.757283830311689
LA,029,0.4651704741038365
LA,030,0.8382343599547079
LA,031,0.7897149359152728
LA,032,0.8092762423302198
LA,033,0.6503911007361407
LA,034,0.7745251424601636
LA,035,0.6764692853261733
LA,036,0.9274033019354587
LA,037,0.8989826926166313
LA,038,0.9280340865232631
LA,039,0.8351614005469645
MA,001,0.38979541873418144
MA,002,0.780599508818854
MA,003,0.7486767817943766
MA,004,0.9422207630838833
MA,005,0.7973467073222041
MA,006,0.8807801482666859
MA,007,0.8849612257947603
MA,008,0.8632250981751846
MA,009,0.8155245659887573
MA,010,0.8147136456400841
MA,011,0.7206263168374047
MA,012,0.6433339948159182
MA,013,0.7814369624500372
MA,014,0.8056278757897228
MA,015,0.8285715610789629
MA,016,0.8337844533540264
MA,017,0.6002535749174367
MA,018,0.8043859999867536
MA,019,0.5230393997284193
MA,020,0.7590272182845238
MA,021,0.7760126972568149
MA,022,0.6619639898963792
MA,023,0.8615142411701555
MA,024,0.7585656187946893
MA,025,0.8300395898793584
MA,026,0.6010167026310578
MA,027,0.7892252417938924
MA,028,0.6194537352306262
MA,029,0.7123374975236016
MA,030,0.8728606361114057
MA,031,0.7206196666751096
MA,032,0.7849078334728545
MA,033,0.6765926227485164
MA,034,0.784458339832447
MA,035,0.7047602809510943
MA,036,0.6666433225089803
MA,037,0.6920120097588428
MA,038,0.9527932285491078
MA,039,0.7602308478527711
MA,040,0.7648033935235203
MD,001,0.4838384354578844
MD,002,0.8585570343830988
MD,003,0.9243188000119243
MD,004,0.8329787221898075
MD,005,0.9115335798534597
MD,006,0.8211696552885119
MD,007,0.7628699650262398
MD,008,0.8502259246481574
MD,009,0.8710847704939897
MD,010,0.7900111095284453
MD,011,0.9162772889927703
MD,012,0.5181360913065738
MD,013,0.8008830525463899
MD,014,0.6353149907846651
MD,015,0.8528147748996484
MD,016,0.8278500537639847
MD,017,0.7202039492009379
MD,018,0.902048758548646
MD,019,0.7390278528021269
MD,020,0.855031201414657
MD,021,0.5822004769013769
MD,022,0.8215058404044807
MD,023,0.6642731924964158
MD,024,0.6026711499365439
MD,025,0.8158895565185971
MD,026,0.7483106454613503
MD,027,0.811034994843805
MD,028,0.8634564285863241
MD,029,0.7617852991797226
MD,030,0.7780713964638685
MD,031,0.7714823435520803
MD,032,0.7994233273892227
MD,033,0.7829600717134132
MD,034,0.8473242731833914
MD,035,0.6896456163893556
MD,036,0.8546211722238194
MD,037,0.879545108621588
MD,038,0.7968896822476005
MD,039,0.7872317921930021
MD,040,0.7873928320837631
MD,041,0.8127463387490198
MD,042,0.7298717261655558
MD,043,0.9002709722715698
MD,044,0.6921901687471285
MD,045,0.815490864920982
MD,046,0.736139105052377
MD,047,0.6085061835862251
ME,001,0.8075118729554382
ME,002,0.9072984746226224
ME,003,0.7626164082514327
ME,004,0.8806324704345865
ME,005,0.7647144184958143
ME,006,0.9033830791122905
ME,007,0.8766005956195654
ME,008,0.6667980495151633
ME,009,0.7842089023171548
ME,010,0.916567595661673
ME,011,0.9092962222175464
ME,012,0.8780812086860637
ME,013,0.8863305630087588
ME,014,0.8163486523344764
ME,015,0.8755359779760491
ME,016,0.9050396010246673
ME,017,0.7778671278329924
ME,018,0.7706669665574981
ME,019,0.8133157050809957
ME,020,0.9658994393178674
ME,021,0.9328871127423907
ME,022,0.7781610177661368
ME,023,0.8176255442185902
ME,024,0.8376386682354097
ME,025,0.6846642728710051
ME,026,0.8035782055750045
ME,027,0.5723517644255283
ME,028,0.8622801667091107
ME,029,0.9177317360943864
ME,030,0.8222881504782461
ME,031,0.4805666443974912
ME,032,0.6910234003682538
ME,033,0.8266549403878077
ME,034,0.6581247348235145
ME,035,0.8714293907534559
MI,001,0.4671912740219133
MI,002,0.5534712797350014
MI,003,0.879250434729256
MI,004,0.4698873566118262
MI,005,0.6815139004382476
MI,006,0.8452000321562643
MI,007,0.8721106991981277
MI,008,0.7545607533584174
MI,009,0.8285609232274901
MI,010,0.8048481487420426
MI,011,0.5847072288380324
MI,012,0.8585390905989162
MI,013,0.8957007245751422
MI,014,0.8661482734374618
MI,015,0.9151589864097492
MI,016,0.8016607733917442
MI,017,0.7314130878710605
MI,018,0.9331260748003368
MI,019,0.7987738687450022
MI,020,0.9574235907943917
MI,021,0.6306734292248245
MI,022,0.9221343899993533
MI,023,0.8765848484129052
MI,024,0.7861646815637529
MI,025,0.893511169458788
MI,026,0.801050362533136
MI,027,0.9303056169448144
MI,028,0.8236426369712506
MI,029,0.8199128897204673
MI,030,0.6895476991640805
MI,031,0.7507669683860642
MI,032,0.8338269279015736
MI,033,0.9250709186448628
MI,034,0.8469045262625082
MI,035,0.8023713710963183
MI,036,0.8931732057005097
MI,037,0.8925803644558458
MI,038,0.9011370552576651
MN,001,0.9493125312866695
MN,002,0.8201856802944157
MN,003,0.5865640116848189
MN,004,0.9154844997285808
MN,005,0.9185344359418052
MN,006,0.8711531599517672
MN,007,0.6732392204989406
MN,008,0.8774212658928022
MN,009,0.896497433113999
MN,010,0.8936496513513491
MN,011,0.889070934169935
MN,012,0.7230533145285715
MN,013,0.8418174212779893
MN,014,0.8904559500213675
MN,015,0.8553102949393916
MN,016,0.6368648790467341
MN,017,0.8339197105238033
MN,018,0.8709239851498793
MN,019,0.7187776670064613
MN,020,0.8053658338464761
MN,021,0.7244880930987895
MN,022,0.8947562857037329
MN,023,0.7982238624541282
MN,024,0.9519224886936384
MN,025,0.8250282694731992
MN,026,0.8386984234975211
MN,027,0.7173738096688953
MN,028,0.8283937991339215
MN,029,0.9355061495710206
MN,030,0.8816669339269637
MN,031,0.8267290110111166
MN,032,0.7739166630989402
MN,033,0.968723090557411
MN,034,0.8415308330146363
MN,035,0.8017858994978773
MN,036,0.9298970990478606
MN,037,0.9480270303684988
MN,038,0.8739441703477014
MN,039,0.7787867227055385
MN,040,0.8321550220175489
MN,041,0.9104510592396305
MN,042,0.8156434103519009
MN,043,0.8220696856447082
MN,044,0.8626379540940361
MN,045,0.9230472307350389
MN,046,0.8054016049383472
MN,047,0.906044487587954
MN,048,0.9258197669141295
MN,049,0.9176978421794721
MN,050,0.8592808850864437
MN,051,0.7413122429082194
MN,052,0.881417005386461
MN,053,0.914445360197835
MN,054,0.8777358724894557
MN,055,0.8270253034130116
MN,056,0.8598115573417128
MN,057,0.6539068875787166
MN,058,0.8574313151588344
MN,059,0.8314177862090717
MN,060,0.9060041050971663
MN,061,0.8354991868180633
MN,062,0.9200145739009533
MN,063,0.9182385457789922
MN,064,0.868954179524461
MN,065,0.8064771121609735
MN,066,0.7903477303459975
MN,067,0.8885848352175812
MO,001,0.781413016216618
MO,002,0.9176792976124443
MO,003,0.903358749814178
MO,004,0.6182922957491332
MO,005,0.8263683174856916
MO,006,0.7906739514834976
MO,007,0.670579332641832
MO,008,0.9625499236967471
MO,009,0.8282112904912938
MO,010,0.8072857823510291
MO,011,0.7522712605038007
MO,012,0.7307215415698438
MO,013,0.8246656772638573
MO,014,0.7372945268487356
MO,015,0.7770277852322418
MO,016,0.6503053457990152
MO,017,0.9485519958903272
MO,018,0.8236093313737638
MO,019,0.7377753271426795
MO,020,0.8416448059914561
MO,021,0.8744121076897214
MO,022,0.9166838074200057
MO,023,0.6106708095720073
MO,024,0.9581283702368093
MO,025,0.6034066094192486
MO,026,0.8300310452550032
MO,027,0.8796219758798125
MO,028,0.8105304695329482
MO,029,0.7311320867760082
MO,030,0.9269075400388063
MO,031,0.82416591558367
MO,032,0.7722659087199879
MO,033,0.7749511574269461
MO,034,0.92215578343581
MS,001,0.8308096617354339
MS,002,0.6820199392163392
MS,003,0.7700596581363247
MS,004,0.8311168303729867
MS,005,0.8772891303970018
MS,006,0.9407776645606265
MS,007,0.8379971272983783
MS,008,0.8551091315296498
MS,009,0.8692446514752269
MS,010,0.7173068170364594
MS,011,0.8787988689780647
MS,012,0.5590891985348672
MS,013,0.7444390936716657
MS,014,0.7493596176190849
MS,015,0.9223104436201475
MS,016,0.7416190586151882
MS,017,0.7629936141211948
MS,018,0.9257522972199412
MS,019,0.854294075324371
MS,020,0.9196869155438593
MS,021,0.9400168969603717
MS,022,0.7451583719809548
MS,023,0.7309312259157051
MS,024,0.7463240367216127
MS,025,0.7295795241749211
MS,026,0.6873463011878462
MS,027,0.5242099404305348
MS,028,0.8261962614281145
MS,029,0.8119033015454163
MS,030,0.8122502822860448
MS,031,0.7812683972295119
MS,032,0.830492863722816
MS,033,0.9369434901779653
MS,034,0.7253710067110948
MS,035,0.9444310926338336
MS,036,0.864142143251056
MS,037,0.7499109076117941
MS,038,0.4998330035677598
MS,039,0.9110860214613921
MS,040,0.6213590575469768
MS,041,0.8288349307225341
MS,042,0.9243031099302219
MS,043,0.7911355871506726
MS,044,0.9149688440029077
MS,045,0.9704888659729184
MS,046,0.9533632131310722
MS,047,0.648728400092584
MS,048,0.82689732208018
MS,049,0.6216198698900534
MS,050,0.7084081260454237
MS,051,0.8469950472804056
MS,052,0.9094401683345122
MT,001,0.9505622863423827
MT,002,0.8071677034039327
MT,003,0.9304017255452194
MT,004,0.9024820294346148
MT,005,0.8054305641017034
MT,006,0.8992660923046384
MT,007,0.8621099066756592
MT,008,0.7902413506075094
MT,009,0.8815251749833819
MT,010,0.8863561482731567
MT,011,0.7900254344679555
MT,012,0.6721278599915829
MT,013,0.7006834169544206
MT,014,0.9621557936154616
MT,015,0.8200435550622484
MT,016,0.5505172853760562
MT,017,0.46277077058015564
MT,018,0.9737953993196183
MT,019,0.7074038836865068
MT,020,0.7017951727178173
MT,021,0.7083370610029613
MT,022,0.6136261666691275
MT,023,0.6273792785861064
MT,024,0.584179674642894
MT,025,0.4945004582018071
MT,026,0.6985708937771072
MT,027,0.9139716249360808
MT,028,0.6505514185142152
MT,029,0.8832730165707657
MT,030,0.910986147573682
MT,031,0.9589839841424271
MT,032,0.7229298040629605
MT,033,0.8516643774092982
MT,034,0.8341523431394011
MT,035,0.8615339897396408
MT,036,0.9191672709171279
MT,037,0.9210595246425842
MT,038,0.9472304654461072
MT,039,0.9128218941913636
MT,040,0.7386011795120327
MT,041,0.8364878414281693
MT,042,0.7690331272431249
MT,043,0.9345542157393534
MT,044,0.89375109363855
MT,045,0.7938054309135926
MT,046,0.8381377989544507
MT,047,0.7604137277309079
MT,048,0.548673693803547
MT,049,0.9089853822311961
MT,050,0.6498982516980462
NC,001,0.7976189755884819
NC,002,0.8614346857092301
NC,003,0.7582238817024152
NC,004,0.7384009971924069
NC,005,0.7157056034746682
NC,006,0.9730079022078456
NC,007,0.6252363636346976
NC,008,0.7901293245571711
NC,009,0.7896695072164801
NC,010,0.8664720784586671
NC,011,0.8318215598351042
NC,012,0.8389767038371754
NC,013,0.7645680986029552
NC,014,0.7339237662470618
NC,015,0.914787498347674
NC,016,0.8478467967877871
NC,017,0.949087666921728
NC,018,0.7106742654518204
NC,019,0.83969841416417
NC,020,0.8132028724419413
NC,021,0.7831105197190285
NC,022,0.7535767114042964
NC,023,0.8306584104082138
NC,024,0.7218491357227134
NC,025,0.7108852533742543
NC,026,0.9438869521593922
NC,027,0.7312441638159431
NC,028,0.6150892019971304
NC,029,0.6682925078276214
NC,030,0.6311073687758054
NC,031,0.6523893767753157
NC,032,0.8373798138495673
NC,033,0.6560415287865373
NC,034,0.913207819146005
NC,035,0.9068392008593567
NC,036,0.874985599487061
NC,037,0.6438386481935294
NC,038,0.7734673543489048
NC,039,0.9209651194099328
NC,040,0.8397840260332866
NC,041,0.5208820496245818
NC,042,0.8868949056909634
NC,043,0.8995743718070623
NC,044,0.6580734202315417
NC,045,0.7914890802062136
NC,046,0.7361180692023496
NC,047,0.7576552747214955
NC,048,0.8489296163006793
NC,049,0.8306816451780598
NC,050,0.818778237090483
ND,001,0.9197518174475783
ND,002,0.8430702454492591
ND,003,0.938793789152181
ND,004,0.8950231034665724
ND,005,0.9324478540361448
ND,006,0.8207488092706241
ND,007,0.6214542143639936
ND,008,0.7971080554396077
ND,009,0.943158055883508
ND,010,0.7719656321122725
ND,011,0.730423919606723
ND,012,0.8547011822079698
ND,013,0.7622018277894375
ND,014,0.8968039974828133
ND,015,0.8124861717551528
ND,016,0.7296400378526409
ND,017,0.7544109602237273
ND,018,0.6825538473296956
ND,019,0.9037311204397372
ND,020,0.9388029976034862
ND,021,0.7715560482169571
ND,022,0.853648637974466
ND,023,0.7773749931945394
ND,024,0.9038403071075947
ND,025,0.711960732716947
ND,026,0.7485394044547838
ND,027,0.8603147480434389
ND,028,0.7613406413506546
ND,029,0.87907508515202
ND,030,0.8745743422034422
ND,031,0.8157064462164676
ND,032,0.891785469516737
ND,033,0.8696910328177437
ND,034,0.6487268404141142
ND,035,0.5885557922820702
ND,036,0.8535419197418257
ND,037,0.8962665160354255
ND,038,0.9578089195964842
ND,039,0.8011341727134418
ND,040,0.8996652419235505
ND,041,0.8466231262216917
ND,042,0.6728804516683548
ND,043,0.9235622260639039
ND,044,0.8491512676954767
ND,045,0.897531629657125
ND,046,0.759446770199678
ND,047,0.9092242285037839
NE,001,0.9262797312090197
NE,002,0.8836761965240054
NE,003,0.8713178791614887
NE,004,0.9162981051205233
NE,005,0.886930126955601
NE,006,0.7460993499601971
NE,007,0.876828390508558
NE,008,0.8138333762453346
NE,009,0.7609602868971551
NE,010,0.7594199637162877
NE,011,0.9597131563853853
NE,012,0.6225004343037974
NE,013,0.7559405304962318
NE,014,0.9295957577338512
NE,015,0.9005969916099488
NE,016,0.7588476908263978
NE,017,0.6741021048205893
NE,018,0.7061440285823282
NE,019,0.9220365835056061
NE,020,0.6828615432449723
NE,021,0.9434369254295323
NE,022,0.8082869482570437
NE,023,0.8501987273676171
NE,024,0.8731126695742507
NE,025,0.8243959563183432
NE,026,0.80136869509047
NE,027,0.6605076498217809
NE,028,0.7176338563348537
NE,029,0.8321583883266711
NE,030,0.8969937185444583
NE,031,0.9704471228271847
NE,032,0.9162248802971668
NE,033,0.8943033624540074
NE,034,0.897950475014956
NE,035,0.8507600279211854
NE,036,0.9379596535702505
NE,037,0.9279133600663857
NE,038,0.6973739929279402
NE,039,0.9135447484113143
NE,040,0.6306189546036653
NE,041,0.8281782447492446
NE,042,0.9404729405439797
NE,043,0.771042047869218
NE,044,0.6906622567504996
NE,045,0.8542303262538652
NE,046,0.8133494664827033
NE,047,0.7733992217417557
NE,048,0.8396495843146795
NE,049,0.7131133998841084
NH,001,0.803594414110746
NH,002,0.8759902884666075
NH,003,0.9012052960602188
NH,004,0.6884077465364483
NH,005,0.6895481655714433
NH,006,0.7836512818664361
NH,007,0.7438638930752509
NH,008,0.8714170701103041
NH,009,0.6073261577486443
NH,010,0.9194023247589872
NH,011,0.7181916374105234
NH,012,0.5029413516597669
NH,013,0.8894779356079692
NH,014,0.6818970138771555
NH,015,0.7347258199364793
NH,016,0.6809232034624545
NH,017,0.8853497810766526
NH,018,0.5669999507278854
NH,019,0.8312190102537913
NH,020,0.8078053590009914
NH,021,0.7841570217868549
NH,022,0.5962165151759304
NH,023,0.8344740217770982
NH,024,0.7628948365448193
NJ,001,0.9235393445198478
NJ,002,0.778461564293925
NJ,003,0.8849208607003047
NJ,004,0.8675550469387819
NJ,005,0.6764823974777697
NJ,006,0.8024784549271
NJ,007,0.6630458079123902
NJ,008,0.8493886131517233
NJ,009,0.8540675141335755
NJ,010,0.6234156502014805
NJ,011,0.6325577497583099
NJ,012,0.775359521302114
NJ,013,0.7913397354707623
NJ,014,0.6798178428295772
NJ,015,0.844718594370283
NJ,016,0.7405768436222383
NJ,017,0.8455569722813984
NJ,018,0.7702302359331621
NJ,019,0.8033885051304566
NJ,020,0.7535826899074551
NJ,021,0.6665900414904687
NJ,022,0.4891166899345605
NJ,023,0.7838517247967126
NJ,024,0.8632096640265696
NJ,025,0.758528067441122
NJ,026,0.8296853415389781
NJ,027,0.7614054992161052
NJ,028,0.5378434343493131
NJ,029,0.8005573085180486
NJ,030,0.8964019292992413
NJ,031,0.8600154644582829
NJ,032,0.575053282660417
NJ,033,0.8175434966632129
NJ,034,0.5972227231037534
NJ,035,0.721580083094063
NJ,036,0.8214142865108346
NJ,037,0.7374073372049803
NJ,038,0.8124681138059736
NJ,039,0.6164189945789182
NJ,040,0.7910408166908149
NM,001,0.657904641359232
NM,002,0.778122943316104
NM,003,0.7739840438733583
NM,004,0.6819608326648864
NM,005,0.8861098305749979
NM,006,0.779930044041409
NM,007,0.6282316103521522
NM,008,0.9281161214327764
NM,009,0.8057541480899821
NM,010,0.5620762056909405
NM,011,0.8087010529120165
NM,012,0.8308987287117366
NM,013,0.7126297136532904
NM,014,0.7596360462333039
NM,015,0.8289592081995528
NM,016,0.6928245395303836
NM,017,0.6985646210036546
NM,018,0.9098974065176737
NM,019,0.8948232583621134
NM,020,0.8683862222767431
NM,021,0.9467470821435767
NM,022,0.8955541461481872
NM,023,0.9182896982601626
NM,024,0.7375427590669259
NM,025,0.8629637542472368
NM,026,0.8147935420009268
NM,027,0.9358214440868614
NM,028,0.7985097255606488
NM,029,0.7121392991791156
NM,030,0.6844275408257187
NM,031,0.6718149370356067
NM,032,0.6913191009837972
NM,033,0.5869186216893337
NM,034,0.7675424611725545
NM,035,0.709988493683828
NM,036,0.6743519601386815
NM,037,0.9338296207110458
NM,038,0.8963226994693908
NM,039,0.8116791346674215
NM,040,0.6244259738629602
NM,041,0.878620590263583
NM,042,0.7262409822007951
NV,001,0.9412683754762105
NV,002,0.8451286246848304
NV,003,0.8356500796298726
NV,004,0.8311356608384294
NV,005,0.5877121501232564
NV,006,0.9081719193144067
NV,007,0.7983339427722175
NV,008,0.8148706190725412
NV,009,0.8003122725807763
NV,010,0.8196748953643228
NV,011,0.9683927127349368
NV,012,0.65615290848436
NV,013,0.8555271026433834
NV,014,0.8205712738570983
NV,015,0.8561970680751732
NV,016,0.869147472626524
NV,017,0.8150576452659516
NV,018,0.8994459569376294
NV,019,0.8604498194591136
NV,020,0.6091728949630595
NV,021,0.9489241034292514
NY,001,0.7222936553902896
NY,002,0.8156562202532965
NY,003,0.7739397485497848
NY,004,0.8519242368713725
NY,005,0.8904428343999108
NY,006,0.6540101288442218
NY,007,0.8080527585305447
NY,008,0.8686256780518892
NY,009,0.9274441911323038
NY,010,0.8934579902409285
NY,011,0.7554888206893146
NY,012,0.6218147720269354
NY,013,0.8629976424642837
NY,014,0.7562702899160295
NY,015,0.6193268122137966
NY,016,0.5178868902657763
NY,017,0.7725819888784313
NY,018,0.5849050411013386
NY,019,0.919427285828307
NY,020,0.4451450076130536
NY,021,0.7145431557062317
NY,022,0.5128037815690517
NY,023,0.5857537690958923
NY,024,0.9161908232641006
NY,025,0.5495928380022661
NY,026,0.7860758010815642
NY,027,0.8037491450171926
NY,028,0.6085206036535433
NY,029,0.6105738537244706
NY,030,0.8223567873291693
NY,031,0.44891817496479297
NY,032,0.7209331675009352
NY,033,0.8205012807585005
NY,034,0.7477679258016888
NY,035,0.821114470697538
NY,036,0.8442164045670727
NY,037,0.6138321331987431
NY,038,0.7810856163202379
NY,039,0.8582561827374332
NY,040,0.7599547328303826
NY,041,0.8707713617874029
NY,042,0.7791088438075369
NY,043,0.7445040565928477
NY,044,0.8680295276764786
NY,045,0.8701969212095295
NY,046,0.737937154934759
NY,047,0.6619918534947871
NY,048,0.734451443600938
NY,049,0.8841619208182452
NY,050,0.8744859268192628
NY,051,0.6353427592992443
NY,052,0.7417666228345096
NY,053,0.7892956080356701
NY,054,0.9196120840234497
NY,055,0.6105923593419831
NY,056,0.9361904932666765
NY,057,0.6590439351876153
NY,058,0.9088457551896392
NY,059,0.6797253374702716
NY,060,0.7319742354977866
NY,061,0.6384529437212244
NY,062,0.8361036271481123
NY,063,0.8653547527974305
OH,001,0.8234510876545946
OH,002,0.5057403349624149
OH,003,0.6896023074481559
OH,004,0.8980117202965844
OH,005,0.8656743553381248
OH,006,0.6865199544911259
OH,007,0.8088084332624034
OH,008,0.6874936500493342
OH,009,0.9306058906602466
OH,010,0.8377690842056446
OH,011,0.6090295568322662
OH,012,0.8233306956188366
OH,013,0.7347530813360182
OH,014,0.6301472177078781
OH,015,0.8701758673012547
OH,016,0.838142106457258
OH,017,0.7464900586224225
OH,018,0.8152491090760955
OH,019,0.6169294792787084
OH,020,0.6708481729741738
OH,021,0.8710484460127564
OH,022,0.7443405521417481
OH,023,0.9228671336633667
OH,024,0.507710534213881
OH,025,0.4989565678842121
OH,026,0.8778815461422009
OH,027,0.7385525759218591
OH,028,0.9465574749716366
OH,029,0.9335635471709622
OH,030,0.6359425377026269
OH,031,0.6891359255010345
OH,032,0.9382470439782825
OH,033,0.9787888752027681
OK,001,0.9529052860211976
OK,002,0.785471973012975
OK,003,0.7482998079168629
OK,004,0.8927139607897984
OK,005,0.8812839835816346
OK,006,0.910627266944636
OK,007,0.7967501654175438
OK,008,0.7432989390610115
OK,009,0.7354240318035883
OK,010,0.8162886851201078
OK,011,0.8701389277580329
OK,012,0.9381427172267018
OK,013,0.8081598809313331
OK,014,0.903505861683566
OK,015,0.8365887410796345
OK,016,0.7414078848318469
OK,017,0.6561305320009391
OK,018,0.8137590032684857
OK,019,0.9128639444433586
OK,020,0.67037029571617
OK,021,0.8145671356035816
OK,022,0.7239729717838115
OK,023,0.8557891592722539
OK,024,0.8235932827845796
OK,025,0.8146375448709218
OK,026,0.665828666133634
OK,027,0.5266046500348727
OK,028,0.8705279849758233
OK,029,0.9734183740273753
OK,030,0.6166071989706764
OK,031,0.7361863978414198
OK,032,0.9090138597981141
OK,033,0.6302974032091597
OK,034,0.8711547148220294
OK,035,0.6550780928217393
OK,036,0.7524331047999597
OK,037,0.650444993795307
OK,038,0.8793587745245447
OK,039,0.747539328430862
OK,040,0.9015387589708178
OK,041,0.877996453161093
OK,042,0.9103282659789538
OK,043,0.7831314742501007
OK,044,0.7569413324379843
OK,045,0.5598237993269186
OK,046,0.7665363586558783
OK,047,0.6715473763434046
OK,048,0.7403456630442808
OR,001,0.9558259656716952
OR,002,0.8097681649804173
OR,003,0.7546211543653863
OR,004,0.8898905416139451
OR,005,0.688986810397203
OR,006,0.9456335314805909
OR,007,0.7023676805901938
OR,008,0.8535843172034286
OR,009,0.9740456541007244
OR,010,0.7755608207490035
OR,011,0.4846169609936601
OR,012,0.7181811704933297
OR,013,0.6828567647218007
OR,014,0.7006505935686519
OR,015,0.8484816875429592
OR,016,0.9287788571012444
OR,017,0.7558836473638398
OR,018,0.6500770289335058
OR,019,0.9218417012667023
OR,020,0.8349006309894066
OR,021,0.8694905733619023
OR,022,0.7069717240901753
OR,023,0.8840096570734842
OR,024,0.7100627439992604
OR,025,0.7817998495513707
OR,026,0.8165008909887898
OR,027,0.8264792776395935
OR,028,0.8953605941393944
OR,029,0.6218029726380017
OR,030,0.8325884268149298
PA,001,0.7173346632382173
PA,002,0.6730128208240834
PA,003,0.6373867035928202
PA,004,0.9012957404840936
PA,005,0.75882330793287
PA,006,0.7897872406041905
PA,007,0.5975214371969695
PA,008,0.764665861568491
PA,009,0.759807190730918
PA,010,0.6394919382497852
PA,011,0.8344926141120679
PA,012,0.6484149144991207
PA,013,0.9375237939840543
PA,014,0.8630432847270874
PA,015,0.7066121776551461
PA,016,0.8182412035795665
PA,017,0.8680526372787392
PA,018,0.725601271242753
PA,019,0.6502363815247156
PA,020,0.730091208039703
PA,021,0.8012663521138962
PA,022,0.7823688134177202
PA,023,0.7777978122714905
PA,024,0.6656616509131
PA,025,0.7713674071176049
PA,026,0.662355551827656
PA,027,0.7603348703621219
PA,028,0.8345033417229526
PA,029,0.9233269516163278
PA,030,0.7777640866790073
PA,031,0.8552986298011365
PA,032,0.765315155986957
PA,033,0.80384357882929
PA,034,0.9137057463460297
PA,035,0.709860497435745
PA,036,0.6618371261472492
PA,037,0.7584077257334995
PA,038,0.8317130502244607
PA,039,0.840616448111947
PA,040,0.9251504497228691
PA,041,0.8531110876502775
PA,042,0.8166359255659645
PA,043,0.77632419158285
PA,044,0.7660936579862183
PA,045,0.5819157311000226
PA,046,0.9052053956030405
PA,047,0.964178777709906
PA,048,0.7162436838219312
PA,049,0.8880962783399184
PA,050,0.8539288160902362
PR,001,0.7407002186440381
PR,002,0.9356486236288615
PR,003,0.7089758443839614
PR,004,0.6187811806474064
PR,005,0.9020542314889091
PR,006,0.9567226203391748
PR,007,0.9314692331429925
PR,008,0.4948334296503226
RI,001,0.882933629335103
RI,002,0.815142516685036
RI,003,0.9314109068863216
RI,004,0.8490243467929605
RI,005,0.7552280568165608
RI,006,0.652159715792353
RI,007,0.6923754114055917
RI,008,0.7795756111979586
RI,009,0.7985422801198815
RI,010,0.6065911809129637
RI,011,0.8478719616011817
RI,012,0.8448700443862259
RI,013,0.7799747795553433
RI,014,0.7825996227381871
RI,015,0.7521368309673088
RI,016,0.970880046685154
RI,017,0.6431208891223557
RI,018,0.48698250588986236
RI,019,0.8394229371454008
RI,020,0.8999843494099536
RI,021,0.9441096030432374
RI,022,0.9268377928932463
RI,023,0.9466714242666977
RI,024,0.8331189574197712
RI,025,0.9597669379021155
RI,026,0.8126956428824513
RI,027,0.8745647157058831
RI,028,0.6534654611261673
RI,029,0.8819071053505346
RI,030,0.8093030035252474
RI,031,0.6885752586938985
RI,032,0.8355214785447488
RI,033,0.858316495020829
RI,034,0.9278689206430261
RI,035,0.4470676001429671
RI,036,0.816796160131353
RI,037,0.6002549912812296
RI,038,0.7554897182835786
SC,001,0.959190634352402
SC,002,0.9697114214601751
SC,003,0.7983079104630738
SC,004,0.7302244235460805
SC,005,0.8116993343354267
SC,006,0.8398626216684113
SC,007,0.8300093170444818
SC,008,0.6999532296649009
SC,009,0.8657434823309003
SC,010,0.7742852978934698
SC,011,0.8664454731671543
SC,012,0.9146385025003881
SC,013,0.9145269680988458
SC,014,0.8094616581641101
SC,015,0.8337281587646723
SC,016,0.6846810859264245
SC,017,0.9444178475747153
SC,018,0.8362149565402316
SC,019,0.9268943785485306
SC,020,0.5217227329651214
SC,021,0.9410147588159216
SC,022,0.7020002400553375
SC,023,0.7863848557227696
SC,024,0.8881294345417867
SC,025,0.692950094014336
SC,026,0.6146203604942176
SC,027,0.8421225601798924
SC,028,0.7236865515894227
SC,029,0.734308345935637
SC,030,0.8201631490152842
SC,031,0.7687634654444233
SC,032,0.9252602361665407
SC,033,0.8377193152459567
SC,034,0.5861189881817989
SC,035,0.7449481915656947
SC,036,0.8497899175719511
SC,037,0.9401635668894359
SC,038,0.8100952617353229
SC,039,0.9142572834847418
SC,040,0.8414934386934563
SC,041,0.7179380231298781
SC,042,0.6891405192116571
SC,043,0.4672015429291959
SC,044,0.7792264681364153
SC,045,0.7011561682581952
SC,046,0.8861836651490476
SD,001,0.7231873468534395
SD,002,0.7652355952255359
SD,003,0.7873731111742635
SD,004,0.8322993055229597
SD,005,0.9497323752346017
SD,006,0.8293826677126404
SD,007,0.9446659266067529
SD,008,0.583684395926314
SD,009,0.8558377947455448
SD,010,0.8190337291170156
SD,011,0.9438046439115471
SD,012,0.8789998825783686
SD,013,0.9266408320373183
SD,014,0.6380765686803773
SD,015,0.6913083314063513
SD,016,0.7673146402704265
SD,017,0.8113625185248005
SD,018,0.9289187635723957
SD,019,0.8232244095654891
SD,020,0.8843365212125671
SD,021,0.6297342128907929
SD,022,0.6764395599431762
SD,023,0.8760807832562283
SD,024,0.7929504659841513
SD,025,0.6785035552855414
SD,026,0.7280956711275632
SD,027,0.9191812534108252
SD,028,0.711635696881587
SD,029,0.893342053274004
SD,030,0.8592005103766676
SD,031,0.9507418080751633
SD,032,0.8758868762004219
SD,033,0.7972615644387772
SD,034,0.8227219604097247
SD,035,0.8775447546354623
TN,001,0.8269063169542695
TN,002,0.8323514251267539
TN,003,0.8317821379412669
TN,004,0.6835292887253193
TN,005,0.7185689285784053
TN,006,0.7750429074695392
TN,007,0.6199061984923889
TN,008,0.7673294500709255
TN,009,0.9201632724891605
TN,010,0.532324995208744
TN,011,0.9468976681706968
TN,012,0.8024200973878608
TN,013,0.8780077690123821
TN,014,0.8861024950418036
TN,015,0.8832491641558085
TN,016,0.9594320723893967
TN,017,0.7930509525268529
TN,018,0.8358745815598745
TN,019,0.6896946605670911
TN,020,0.6820341686253182
TN,021,0.6289609487490483
TN,022,0.8313661831432468
TN,023,0.8659215922519333
TN,024,0.8745994656447161
TN,025,0.740397775774674
TN,026,0.7803628783174175
TN,027,0.7014590724133681
TN,028,0.8950923162831297
TN,029,0.6611218559820324
TN,030,0.8493351124449608
TN,031,0.8332995691722406
TN,032,0.8034866137091441
TN,033,0.7921678087890923
TX,001,0.9230515207384373
TX,002,0.9088264998724284
TX,003,0.8968429619813049
TX,004,0.5942933910711998
TX,005,0.7834992149865251
TX,006,0.6726070032687796
TX,007,0.8314235630274153
TX,008,0.9634691233393509
TX,009,0.7392921156127331
TX,010,0.7917486840461311
TX,011,0.9259065141377627
TX,012,0.7236908320602967
TX,013,0.6948555809116405
TX,014,0.7654704132673509
TX,015,0.5873522972485798
TX,016,0.6688973556334302
TX,017,0.7103582625450034
TX,018,0.9401235985172368
TX,019,0.6570798051549755
TX,020,0.597760467896724
TX,021,0.7722090921090601
TX,022,0.9147710895363884
TX,023,0.9086846859299111
TX,024,0.7799222203311964
TX,025,0.8597264086833879
TX,026,0.751177585914255
TX,027,0.8329580355499036
TX,028,0.8867661635306858
TX,029,0.7878223858028944
TX,030,0.8320487028934407
TX,031,0.6957735178203115
UT,001,0.8502644503782004
UT,002,0.840484887312273
UT,003,0.8925203696108193
UT,004,0.9114755516869296
UT,005,0.7066805018017942
UT,006,0.9223126730592127
UT,007,0.8202920642692242
UT,008,0.7104741923441039
UT,009,0.6842302275152493
UT,010,0.810191335550757
UT,011,0.8596141920394998
UT,012,0.9213360539534624
UT,013,0.9580441293562327
UT,014,0.8025676087358369
UT,015,0.7931270668144513
UT,016,0.8085129956205149
UT,017,0.9369715616836362
UT,018,0.7386887412837255
UT,019,0.8553700950949187
UT,020,0.8064993672813281
UT,021,0.9402950842577065
UT,022,0.9127251834461276
UT,023,0.8811044674727181
UT,024,0.8537032651529772
UT,025,0.7901736301382665
UT,026,0.8880848471696926
UT,027,0.8037417202858688
UT,028,0.9403429178680225
UT,029,0.9477151657848095
VA,001,0.6391149745078248
VA,002,0.6782355916586416
VA,003,0.694455067856948
VA,004,0.6691006074483953
VA,005,0.7458551585378486
VA,006,0.8402804591193159
VA,007,0.8359028223485847
VA,008,0.8030253058316336
VA,009,0.6039979476221964
VA,010,0.6599661974904024
VA,011,0.7274154442975032
VA,012,0.8510882990931861
VA,013,0.7720446994241238
VA,014,0.6049218197890384
VA,015,0.6415934058931427
VA,016,0.7565351971330113
VA,017,0.8675760565682558
VA,018,0.7239044749671615
VA,019,0.6049152492985874
VA,020,0.5159814050491579
VA,021,0.5869998441203162
VA,022,0.7410337080927307
VA,023,0.7352973737439495
VA,024,0.602454662529298
VA,025,0.6496471051975184
VA,026,0.8155054500573787
VA,027,0.7119975464552148
VA,028,0.5179671279399821
VA,029,0.47135563325364516
VA,030,0.6367828327338149
VA,031,0.5182576790875687
VA,032,0.5654359037765524
VA,033,0.7263611690256766
VA,034,0.671087215235706
VA,035,0.7884138190723974
VA,036,0.6199724638260937
VA,037,0.4656670021049455
VA,038,0.5811246588236294
VA,039,0.6825777694154022
VA,040,0.468396447422743
VT,ADD,0.9412608994683711
VT,BEN,0.8718571731099178
VT,CAL,0.801640348620514
VT,CGI,0.7209368964121848
VT,CHI,0.9016706673806519
VT,E-O,0.7497994174400763
VT,FRA,0.8952767130402136
VT,LAM,0.9584221440798429
VT,ORA,0.8676847049824647
VT,RUT,0.9563908139908984
VT,WAS,0.8609706575776636
VT,WDM,0.9219313251302592
VT,WSR,0.8846867209524099
WA,001,0.7446612819322541
WA,002,0.6420770672241111
WA,003,0.9030014953263278
WA,004,0.9780582101363324
WA,005,0.8912425753505089
WA,006,0.7746508324944112
WA,007,0.7614628644584319
WA,008,0.7105279319000585
WA,009,0.7698478951607748
WA,010,0.8693373787930972
WA,011,0.5753567829266003
WA,012,0.9252775484363603
WA,013,0.5664527981832722
WA,014,0.8403215874336056
WA,015,0.9241790957589867
WA,016,0.5732320142231937
WA,017,0.850903030264744
WA,018,0.7053857999771675
WA,019,0.8716794342044387
WA,020,0.7725388801630472
WA,021,0.7895440410334204
WA,022,0.9197826004531717
WA,023,0.9510771168464843
WA,024,0.8621239527095715
WA,025,0.9032257041613584
WA,026,0.810344059518153
WA,027,0.8725268572065742
WA,028,0.8809663838451841
WA,029,0.7091126733187723
WA,030,0.843908955544704
WA,031,0.8045789729571722
WA,032,0.8017272779554354
WA,033,0.8741586144039709
WA,034,0.8741350338329531
WA,035,0.907727879111002
WA,036,0.9602442336777687
WA,037,0.691805143083658
WA,038,0.9629126798486187
WA,039,0.9124127041753032
WA,040,0.7459911302742668
WA,041,0.7221319839964696
WA,042,0.5147684358812247
WA,043,0.8524909390265913
WA,044,0.8894652238797135
WA,045,0.8254489606789734
WA,046,0.8758254535795129
WA,047,0.8301698527881063
WA,048,0.8361650290387886
WA,049,0.7794625679530366
WI,001,0.7655922276394327
WI,002,0.7961129726378733
WI,003,0.95171797046276
WI,004,0.7276254333925364
WI,005,0.9377389792273978
WI,006,0.8310124858144359
WI,007,0.650109082154328
WI,008,0.46930091995798473
WI,009,0.8996811478773531
WI,010,0.8334814735452369
WI,011,0.8518741116970904
WI,012,0.8865477898750357
WI,013,0.8566549398765472
WI,014,0.8097452931349365
WI,015,0.790595897029109
WI,016,0.8965242570991099
WI,017,0.7999391048983784
WI,018,0.9499786778430952
WI,019,0.8325068367553845
WI,020,0.6967867873429765
WI,021,0.6856729257599515
WI,022,0.6989000446441996
WI,023,0.7389652132425212
WI,024,0.7161687849699058
WI,025,0.8265669222839336
WI,026,0.7536399122147044
WI,027,0.8995890910868118
WI,028,0.7725052676941577
WI,029,0.5994877164254042
WI,030,0.7988905543953525
WI,031,0.7188880537520307
WI,032,0.9028791583847151
WI,033,0.9345018110065347
WV,001,0.5579099851535075
WV,002,0.7646162734030658
WV,003,0.6961564476296294
WV,004,0.8214866755258257
WV,005,0.7875910406445005
WV,006,0.4174484940959883
WV,007,0.9133978796590096
WV,008,0.7529495682980114
WV,009,0.885677349605528
WV,010,0.8684496306474632
WV,011,0.7736565345267629
WV,012,0.6660067711079597
WV,013,0.7041476107769781
WV,014,0.6942781437565197
WV,015,0.7279303556477879
WV,016,0.9516960861774602
WV,017,0.8126193452306976
WY,001,0.8939890909323566
WY,002,0.7415522057084443
WY,003,0.7580096397881076
WY,004,0.8631819369560823
WY,005,0.8998662945807666
WY,006,0.8298352129578108
WY,007,0.931561191438657
WY,008,0.6273274201175828
WY,009,0.6507570815985054
WY,010,0.8183465348943603
WY,011,0.7466306546300914
WY,012,0.875319133618449
WY,013,0.4899774355917985
WY,014,0.793391299112046
WY,015,0.8340929534152943
WY,016,0.7674722882892534
WY,017,0.9570871802615858
WY,018,0.7902026429350173
WY,019,0.7569991734737183
WY,020,0.8688094580477422
WY,021,0.8205651007510285
WY,022,0.9536106921567954
WY,023,0.7953430225263406
WY,024,0.7059249665017898
WY,025,0.8556406341549899
WY,026,0.5126857465733008
WY,027,0.9246574465514236
WY,028,0.7661793404202618
WY,029,0.9015416983628239
WY,030,0.9376452234674294
