AK,00A,0.2483090291894164
AK,00B,0.2463516072880305
AK,00C,0.16339502964569116
AK,00D,0.26643711647388296
AK,00E,0.1992190585931745
AK,00F,0.35836418444827045
AK,00G,0.3054749445307982
AK,00H,0.3615157150872984
AK,00I,0.24754613461279473
AK,00J,0.27758030809560374
AK,00K,0.4021169142736793
AK,00L,0.49046978995973123
AK,00M,0.4679309262842105
AK,00N,0.2661655307532391
AK,00O,0.2944176126852283
AK,00P,0.05369200862033438
AK,00Q,0.3646977042244514
AK,00R,0.4268037198249504
AK,00S,0.04098290659366201
AK,00T,0.12079770254357572
AL,001,0.15730726037571174
AL,002,0.29655077265733537
AL,003,0.5693954821180793
AL,004,0.1466214639515739
AL,005,0.3282818073067227
AL,006,0.19269220865972847
AL,007,0.2213247263234179
AL,008,0.2868040218690649
AL,009,0.2532489802303955
AL,010,0.24553499340870902
AL,011,0.11077515614661812
AL,012,0.1796796024365336
AL,013,0.19722818854895335
AL,014,0.24173058728421315
AL,015,0.11703595201314332
AL,016,0.22299662505917006
AL,017,0.10386239729262672
AL,018,0.13300301370470163
AL,019,0.1720431179819404
AL,020,0.09719103334243706
AL,021,0.14098840663601003
AL,022,0.07193871655980728
AL,023,0.19097554889509552
AL,024,0.14952091241997778
AL,025,0.10942192446871236
AL,026,0.1136621553565208
AL,027,0.09461433409973033
AL,028,0.15320999135547458
AL,029,0.23069988341482817
AL,030,0.2028521639110567
AL,031,0.21550396362278984
AL,032,0.4893879292312817
AL,033,0.2850034693304972
AL,034,0.21412820870173838
AL,035,0.47805168336439263
AR,001,0.22752236000091253
AR,002,0.15575305268240394
AR,003,0.27831908554574203
AR,004,0.26654725587187794
AR,005,0.2111470108324636
AR,006,0.28308573486540445
AR,007,0.23050552681833755
AR,008,0.2046318987001983
AR,009,0.1754753871634812
AR,010,0.348941084243576
AR,011,0.25548838178262856
AR,012,0.13435060049088976
AR,013,0.16066348669650513
AR,014,0.19212162389890222
AR,015,0.14818702409314002
AR,016,0.1936527839748451
AR,017,0.277496124119344
AR,018,0.15221184830450699
AR,019,0.2282606838746553
AR,020,0.2628891602714528
AR,021,0.354697606737539
AR,022,0.2766856475630147
AR,023,0.16913669398882233
AR,024,0.15337660164313102
AR,025,0.12499737650220269
AR,026,0.23542585557948467
AR,027,0.11142050094132526
AR,028,0.18608367071385024
AR,029,0.17666299502934704
AR,030,0.27587905748730707
AR,031,0.35293671691095424
AR,032,0.23717902796385704
AR,033,0.21058735700086423
AR,034,0.18180796788009618
AR,035,0.23415255782154837
AZ,001,0.3353611776850319
AZ,002,0.26797384345769454
AZ,003,0.3439441105619099
AZ,004,0.2323589828396716
AZ,005,0.2072361170658692
AZ,006,0.11218109084671654
AZ,007,0.14733508756876612
AZ,008,0.22191669218671736
AZ,009,0.3311501401497691
AZ,010,0.2348892810871543
AZ,011,0.1692192389887785
AZ,012,0.3474709897853643
AZ,013,0.26527882491052757
AZ,014,0.3451115469328067
AZ,015,0.32398291597895196
AZ,016,0.42856149464062265
AZ,017,0.5412411895859562
AZ,018,0.2761339514610719
AZ,019,0.27837747867766677
AZ,020,0.37798771603812775
AZ,021,0.49118079708612317
AZ,022,0.33690379896324457
AZ,023,0.286892993377719
AZ,024,0.23837885533399703
AZ,025,0.26874070341341355
AZ,026,0.20088827257291597
AZ,027,0.2038497318289779
AZ,028,0.38111713572230094
AZ,029,0.39547020222582163
AZ,030,0.41526060705390044
CA,001,0.2235215815903951
CA,002,0.18691615057148286
CA,003,0.2561122377187627
CA,004,0.31026514542372324
CA,005,0.37783020132582923
CA,006,0.30528205389205076
CA,007,0.25957160025194614
CA,008,0.23910814352215856
CA,009,0.3032345738083911
CA,010,0.23853116572547045
CA,011,0.24456385161004215
CA,012,0.23222594741509747
CA,013,0.37354432581481606
CA,014,0.10279520895418053
CA,015,0.172434323987867
CA,016,0.1690280249281167
CA,017,0.14532721222397182
CA,018,0.2830451113217639
CA,019,0.1572406551738057
CA,020,0.22050588510877484
CA,021,0.2101275271841369
CA,022,0.14729233257967517
CA,023,0.14873077865765724
CA,024,0.28685726591043487
CA,025,0.22699292723548525
CA,026,0.14217429973911877
CA,027,0.3770653674723867
CA,028,0.24492870575152093
CA,029,0.17964745661224585
CA,030,0.29320563665071947
CA,031,0.21734276471766115
CA,032,0.2188467798494081
CA,033,0.1995941709111581
CA,034,0.262990572440887
CA,035,0.26158304178060554
CA,036,0.2603462253196925
CA,037,0.22403336471291918
CA,038,0.26135132390931354
CA,039,0.1366560360391934
CA,040,0.2655200873287966
CO,001,0.42913994682173723
CO,002,0.2354960808714374
CO,003,0.31124296869054585
CO,004,0.40223179704292444
CO,005,0.26147691967074754
CO,006,0.448108331755541
CO,007,0.4458680902997356
CO,008,0.4297136056612459
CO,009,0.49114140843443527
CO,010,0.48449801456341507
CO,011,0.20175960295657863
CO,012,0.21616811137542702
CO,013,0.3803803427438952
CO,014,0.16174811341546227
CO,015,0.3834735662479144
CO,016,0.1240823047143102
CO,017,0.15249924394525827
CO,018,0.29948970878989783
CO,019,0.3788401003270327
CO,020,0.11187128308574715
CO,021,0.17183572549975745
CO,022,0.1472186987930867
CO,023,0.1404984652693072
CO,024,0.3328758982818202
CO,025,0.2055955379355806
CO,026,0.08028967797623164
CO,027,0.11714196723873634
CO,028,0.3019069797643257
CO,029,0.23680896711020208
CO,030,0.36072588933119787
CO,031,0.14693699669367005
CO,032,0.23550608612909615
CO,033,0.15917310197222223
CO,034,0.30643480532589445
CO,035,0.4095018603429421
CT,001,0.2302299545782758
CT,002,0.3865353839186961
CT,003,0.44243390892689927
CT,004,0.34712107772722317
CT,005,0.20202314878383038
CT,006,0.3917904216432199
CT,007,0.3257396813094566
CT,008,0.23763564891865388
CT,009,0.17428525653918528
CT,010,0.37413190449004735
CT,011,0.14595313264016535
CT,012,0.37781559817951665
CT,013,0.17612633490037863
CT,014,0.2995612140720718
CT,015,0.27850296306006694
CT,016,0.3773401342652002
CT,017,0.23230302016052365
CT,018,0.32350179302722
CT,019,0.20925489582479717
CT,020,0.34124076637358713
CT,021,0.20440869160481115
CT,022,0.2783832964416454
CT,023,0.3291524606819641
CT,024,0.36160764772700643
CT,025,0.48653241022404586
CT,026,0.21310355480515236
CT,027,0.3444928725304719
CT,028,0.23518150725717876
CT,029,0.24026625660486978
CT,030,0.25346491493290746
CT,031,0.31246266172936366
CT,032,0.32587076113675856
CT,033,0.2731149644481383
CT,034,0.21844763833698486
CT,035,0.3515975183785764
CT,036,0.3514313114439945
DC,001,0.4762564134845402
DC,002,0.3208890628744983
DC,003,0.43473932803492005
DC,004,0.440911927742648
DC,005,0.6278968840250039
DC,006,0.3013442945380036
DC,007,0.5213351626435561
DC,008,0.4776710943737603
DE,001,0.21820417756849622
DE,002,0.31966376092786486
DE,003,0.2270918043153854
DE,004,0.32283775525416025
DE,005,0.5294977139818665
DE,006,0.4229892334856809
DE,007,0.4393268631459981
DE,008,0.28559514483687815
DE,009,0.3757024010381102
DE,010,0.27507344026076275
DE,011,0.4808998414918642
DE,012,0.25765950867300075
DE,013,0.23778800911980072
DE,014,0.3359915234903093
DE,015,0.37760124090900343
DE,016,0.4335076547917737
DE,017,0.25575320231083515
DE,018,0.3515607398022691
DE,019,0.19610600116097712
DE,020,0.5660966204788608
DE,021,0.462507714753004
FL,001,0.3994440106341577
FL,002,0.31269017384894027
FL,003,0.33961271881547145
FL,004,0.14167301354624212
FL,005,0.2763383324256271
FL,006,0.36689672669364043
FL,007,0.37253356622694944
FL,008,0.18297639870449844
FL,009,0.19357278501616257
FL,010,0.4932875280482587
FL,011,0.24482063346797744
FL,012,0.31130603959728614
FL,013,0.2714410750322095
FL,014,0.12867976131133785
FL,015,0.267450978716248
FL,016,0.4910523086296496
FL,017,0.35778246866373276
FL,018,0.3249655759664442
FL,019,0.108213973525296
FL,020,0.45041301492018737
FL,021,0.2788372168342807
FL,022,0.25316866966284685
FL,023,0.2437179495020059
FL,024,0.5057696739086309
FL,025,0.5084730537946159
FL,026,0.26139425495542024
FL,027,0.509672357812819
FL,028,0.5557259833456835
FL,029,0.5008221528595397
FL,030,0.4836449321762204
FL,031,0.33120602079134753
FL,032,0.37420751960363446
FL,033,0.23349173712573454
FL,034,0.3727180688006248
FL,035,0.3173232996486336
FL,036,0.4322267140028864
FL,037,0.5101811958905568
FL,038,0.5307080173056042
FL,039,0.13590701973379926
FL,040,0.30140614859390935
GA,001,0.2579536418301208
GA,002,0.21940105685538414
GA,003,0.3092447636527669
GA,004,0.18772817068934794
GA,005,0.1604654284269716
GA,006,0.20256384967896604
GA,007,0.17750845764115558
GA,008,0.3397764759392684
GA,009,0.2102967428895858
GA,010,0.2676480151275233
GA,011,0.2633064762085198
GA,012,0.27312968039551017
GA,013,0.19945884629290184
GA,014,0.2284295837768766
GA,015,0.3196140319227824
GA,016,0.32017179503520354
GA,017,0.14941449404664403
GA,018,0.21975968963067097
GA,019,0.27689242394668684
GA,020,0.23570585031975563
GA,021,0.2176935952782273
GA,022,0.330710701281987
GA,023,0.14520408962690667
GA,024,0.23114770030866716
GA,025,0.19973055645041868
GA,026,0.20759259701617716
GA,027,0.525277899005507
GA,028,0.22197548381979573
GA,029,0.3392807502858811
GA,030,0.25741033405596964
GA,031,0.5039734759219759
GA,032,0.2386508581891961
GA,033,0.21727420181430365
GA,034,0.3162107838514894
GA,035,0.1722342292101167
GA,036,0.2819029715612005
GA,037,0.613823396224159
GA,038,0.20866586202266618
GA,039,0.11432530692906956
GA,040,0.297195638649345
GA,041,0.2033798101172605
GA,042,0.28909488334585676
GA,043,0.26011777169417827
GA,044,0.19050554009978637
GA,045,0.3586696703363742
GA,046,0.26173841787284524
GA,047,0.19636432745475266
GA,048,0.3009820873253462
GA,049,0.391077027030954
GA,050,0.221986567046971
GA,051,0.3459253104346106
GA,052,0.28245034767198696
GA,053,0.48976107128494356
GA,054,0.2588220902620423
GA,055,0.21762112275141407
GA,056,0.26351689743669243
HI,001,0.6015965954390405
HI,002,0.43301037111409624
HI,003,0.46798892911664514
HI,004,0.39474240259466575
HI,005,0.4364072428135476
HI,006,0.3191956715253463
HI,007,0.17399953112088826
HI,008,0.3631472982735843
HI,009,0.4072951903632276
HI,010,0.32598494680293105
HI,011,0.4813645192572345
HI,012,0.5574698290912856
HI,013,0.3461057693242481
HI,014,0.5882451737473363
HI,015,0.548157049534777
HI,016,0.3689209317366027
HI,017,0.11812073869219536
HI,018,0.25236473226233336
HI,019,0.6663472961148742
HI,020,0.32709313503046317
HI,021,0.46836851979875826
HI,022,0.24194737528566357
HI,023,0.21436342989000456
HI,024,0.32808663179861736
HI,025,0.07869149066990404
IA,001,0.27582274621308356
IA,002,0.4201574013942593
IA,003,0.2603487834148624
IA,004,0.47463232940459216
IA,005,0.6519761731334557
IA,006,0.4428236673552771
IA,007,0.42583847491456134
IA,008,0.3004474189617923
IA,009,0.4359018560019674
IA,010,0.2821943418022096
IA,011,0.2500450811643231
IA,012,0.417640343544509
IA,013,0.5356433912969649
IA,014,0.3595757983635038
IA,015,0.24984828558094693
IA,016,0.11058435407332347
IA,017,0.5673559892067629
IA,018,0.34732413113773564
IA,019,0.35693084612822873
IA,020,0.5259907397052896
IA,021,0.4014867550645107
IA,022,0.13370861354530972
IA,023,0.3425366704582755
IA,024,0.42027143488067675
IA,025,0.28000311205032646
IA,026,0.467238684695318
IA,027,0.4428454247788651
IA,028,0.48360824103258976
IA,029,0.2675805093975726
IA,030,0.4406174695202396
IA,031,0.22210830105935858
IA,032,0.45441560536159686
IA,033,0.07219528845616367
IA,034,0.07698427076163715
IA,035,0.4818862602518489
IA,036,0.41802017322165463
IA,037,0.35701299012660875
IA,038,0.5588411188948244
IA,039,0.3265615956888196
IA,040,0.4127764503101058
IA,041,0.4149742600980112
IA,042,0.34596916931677474
IA,043,0.18095759413411816
IA,044,0.3240332387548674
IA,045,0.19552139728201234
IA,046,0.20507667096115867
IA,047,0.5314172895239966
IA,048,0.2673062495063085
IA,049,0.5093673349344828
IA,050,0.17794059845638008
ID,001,0.6114648176457156
ID,002,0.39151584598081146
ID,003,0.42543064897070104
ID,004,0.2585230028893346
ID,005,0.7115548622272913
ID,006,0.38375772329540186
ID,007,0.24866805232401276
ID,008,0.27401938688952204
ID,009,0.33895461691952916
ID,010,0.4907234413444455
ID,011,0.19626624949115318
ID,012,0.4814657382913843
ID,013,0.48361905544506145
ID,014,0.5452148954754248
ID,015,0.6530129554845846
ID,016,0.4620356014858811
ID,017,0.5007543260184845
ID,018,0.31357649341302424
ID,019,0.43764051770641443
ID,020,0.4975302892119607
ID,021,0.6100886849270962
ID,022,0.5842871422541863
ID,023,0.3271379655861537
ID,024,0.4650989020498632
ID,025,0.2560667410938845
ID,026,0.28027364311336445
ID,027,0.4577638504540379
ID,028,0.20321941105367075
ID,029,0.41798303092278655
ID,030,0.34118097283492854
ID,031,0.3986370698513525
ID,032,0.21336107739224927
ID,033,0.5475738747796127
ID,034,0.24381445014199216
ID,035,0.25323577755887544
IL,001,0.14154065733270357
IL,002,0.16534257482863723
IL,003,0.12402791793550837
IL,004,0.21726750773541603
IL,005,0.2136173313380033
IL,006,0.20389868156498933
IL,007,0.30376766069273403
IL,008,0.22631972871491524
IL,009,0.33736955900741017
IL,010,0.15592380538883246
IL,011,0.11647126950224557
IL,012,0.1196394914320653
IL,013,0.16200165836198266
IL,014,0.19729257399928665
IL,015,0.1440820606716896
IL,016,0.1362820581546667
IL,017,0.19071079394513932
IL,018,0.24171563294103451
IL,019,0.24360951936854966
IL,020,0.2774374909604654
IL,021,0.3096984040527599
IL,022,0.17585436879596641
IL,023,0.16829829116805609
IL,024,0.2334292014030503
IL,025,0.18577906497722568
IL,026,0.18994906627774003
IL,027,0.2086981922662947
IL,028,0.16395959513190425
IL,029,0.13190244784271743
IL,030,0.14911509209037663
IL,031,0.1918860822458471
IL,032,0.3439162232508035
IL,033,0.2496870428721518
IL,034,0.3505573685554579
IL,035,0.18346226411914413
IL,036,0.18418904723117058
IL,037,0.2727086262961218
IL,038,0.24888060932193276
IL,039,0.1576372774718546
IL,040,0.1492932164422213
IL,041,0.2274412640087495
IL,042,0.33103626458800517
IL,043,0.3403319078364803
IL,044,0.24698130676573926
IL,045,0.32578437874380206
IL,046,0.399523658977429
IL,047,0.429966341775373
IL,048,0.28446013706165574
IL,049,0.3004529570397438
IL,050,0.3673041604735375
IL,051,0.245011802661633
IL,052,0.294059373816975
IL,053,0.3910898262699069
IL,054,0.3794467998603421
IL,055,0.3537281738273016
IL,056,0.1947872001331181
IL,057,0.3085283014347881
IL,058,0.23404407285926523
IL,059,0.29946077277358474
IN,001,0.3621374978054683
IN,002,0.19856690349351724
IN,003,0.2921761358750812
IN,004,0.48774635557658774
IN,005,0.5107699337212313
IN,006,0.41596622513328074
IN,007,0.24768484322700915
IN,008,0.4439648713766747
IN,009,0.3346286628035775
IN,010,0.28666728690107157
IN,011,0.3147115824778125
IN,012,0.5722535614928512
IN,013,0.597656574139313
IN,014,0.5660488539773636
IN,015,0.2586549297545343
IN,016,0.4730893590886649
IN,017,0.4728099972295474
IN,018,0.38681310263771684
IN,019,0.4805919916748661
IN,020,0.4675024909687305
IN,021,0.555672297407717
IN,022,0.39430843586904474
IN,023,0.37015776587013
IN,024,0.4185717903526157
IN,025,0.33223234237884314
IN,026,0.23570655112091551
IN,027,0.4065696940718564
IN,028,0.43333966681254255
IN,029,0.20727001069077125
IN,030,0.26802788921321535
IN,031,0.3606653028214382
IN,032,0.5746012048020871
IN,033,0.29976359275824827
IN,034,0.28667230809642674
IN,035,0.2916357434203436
IN,036,0.260944682039716
IN,037,0.3862261606663626
IN,038,0.4452074671166801
IN,039,0.41755344138201833
IN,040,0.7188746926663888
IN,041,0.4096088236527387
IN,042,0.3038695833476931
IN,043,0.3445988723655522
IN,044,0.36587772035877597
IN,045,0.2081633040155371
IN,046,0.38971252301448295
IN,047,0.2687935974905061
IN,048,0.2716559863991551
IN,049,0.19466119281631236
IN,050,0.35480723039336987
KS,001,0.36935868113919545
KS,002,0.5340144969136904
KS,003,0.2650855392459363
KS,004,0.3997887810660822
KS,005,0.2138973494803022
KS,006,0.3339732619104084
KS,007,0.6603558778076621
KS,008,0.6688627083231212
KS,009,0.33148885018972024
KS,010,0.3701613263543928
KS,011,0.42458032335691265
KS,012,0.5907107749693417
KS,013,0.5552763948220437
KS,014,0.47721987731769955
KS,015,0.5549644162156031
KS,016,0.30538084775259206
KS,017,0.2491074881409062
KS,018,0.30724866071209295
KS,019,0.43610863131664507
KS,020,0.3721719805393885
KS,021,0.25589495816132274
KS,022,0.3160291477771074
KS,023,0.37806682019735927
KS,024,0.3976459452087387
KS,025,0.4259502610734164
KS,026,0.31103540306232136
KS,027,0.4059601731641773
KS,028,0.3363373125997796
KS,029,0.4436528669532155
KS,030,0.44773801726129653
KS,031,0.5958674101881585
KS,032,0.38157086507062526
KS,033,0.3909987468044373
KS,034,0.7221663216809325
KS,035,0.4041890319686364
KS,036,0.44885770532585567
KS,037,0.48522443322592884
KS,038,0.5538633817221791
KS,039,0.5311138272958308
KS,040,0.5414099539689516
KY,001,0.20038531545370564
KY,002,0.3264300708176244
KY,003,0.4864211508270928
KY,004,0.19998718283274738
KY,005,0.1939885014167681
KY,006,0.23471815921543704
KY,007,0.14832457987779632
KY,008,0.30941792772434534
KY,009,0.2711188084478406
KY,010,0.2623393922770428
KY,011,0.6171666338391681
KY,012,0.08860070243046496
KY,013,0.11388029177629289
KY,014,0.12524117959635492
KY,015,0.3198754071950035
KY,016,0.2719512794379524
KY,017,0.19465879844526424
KY,018,0.3502777639636785
KY,019,0.10713836234827996
KY,020,0.2075263175045339
KY,021,0.11509995366486894
KY,022,0.14616383146729497
KY,023,0.2505563363883454
KY,024,0.2998983444147742
KY,025,0.1753873330294982
KY,026,0.37476316731717313
KY,027,0.1870223099460708
KY,028,0.17099581719822418
KY,029,0.18787840098113226
KY,030,0.13806733193192494
KY,031,0.13241672451945408
KY,032,0.5684920168013892
KY,033,0.18525266614505842
KY,034,0.19065617934093398
KY,035,0.08867087159796447
KY,036,0.27430141096968697
KY,037,0.16050307322479238
KY,038,0.2617741885703669
LA,001,0.1936660298773001
LA,002,0.0847188462366456
LA,003,0.07413748320539484
LA,004,0.09963125180785437
LA,005,0.2255415977308367
LA,006,0.05646514133238679
LA,007,0.22605331111564708
LA,008,0.19830914829106988
LA,009,0.1994433013297803
LA,010,0.24073987545633363
LA,011,0.19913715528331985
LA,012,0.29416342388232875
LA,013,0.2081098948026264
LA,014,0.16392279855884698
LA,015,0.26220873068956685
LA,016,0.24981415875019125
LA,017,0.103686698774862
LA,018,0.2409870221293151
LA,019,0.18430775177312425
LA,020,0.3156666921974883
LA,021,0.13903103367421327
LA,022,0.18516664321926177
LA,023,0.43948185868456646
LA,024,0.1004498171270945
LA,025,0.2585029242316815
LA,026,0.2686433797237463
LA,027,0.21176914775667632
LA,028,0.1526265364857768
LA,029,0.038181430925069
LA,030,0.27554522868950865
LA,031,0.11204708779271408
LA,032,0.09821502622814735
LA,033,0.18226575956086505
LA,034,0.0667737518286699
LA,035,0.09125818380693418
LA,036,0.18787300752820832
LA,037,0.174560383101496
LA,038,0.2521069270444151
LA,039,0.27686444572424623
MA,001,0.1319560452267792
MA,002,0.19290401678590233
MA,003,0.21066538775856317
MA,004,0.5697931310719145
MA,005,0.2673631472626581
MA,006,0.2651733395452675
MA,007,0.24930395966852548
MA,008,0.2726668773332648
MA,009,0.265969766570193
MA,010,0.22447195485281027
MA,011,0.22100872393287788
MA,012,0.22341599057363187
MA,013,0.32792033385345826
MA,014,0.22832587780668284
MA,015,0.23222379033391366
MA,016,0.22027236454458798
MA,017,0.10294736914060992
MA,018,0.29331731523891696
MA,019,0.17455445752554524
MA,020,0.24692512755177445
MA,021,0.2574109455218163
MA,022,0.30574763279315725
MA,023,0.35976107530597967
MA,024,0.2513683101025558
MA,025,0.24833264448708542
MA,026,0.16742051104108963
MA,027,0.20863310666676366
MA,028,0.1586859217510992
MA,029,0.24637536431644486
MA,030,0.22360538470618488
MA,031,0.2739248536776353
MA,032,0.1650933426131355
MA,033,0.16982654205755918
MA,034,0.2775317632210986
MA,035,0.21518466469670489
MA,036,0.2549753497515048
MA,037,0.20084872336283485
MA,038,0.6482234317243104
MA,039,0.2003700805652207
MA,040,0.20360846016640444
MD,001,0.13115489150732723
MD,002,0.24898378116871536
MD,003,0.30544404213378085
MD,004,0.1698449467248166
MD,005,0.3301909096769984
MD,006,0.02363259811487726
MD,007,0.08315444296307326
MD,008,0.25819328171010075
MD,009,0.20844275471780258
MD,010,0.19077788275200955
MD,011,0.23443433481200993
MD,012,0.11116095579240694
MD,013,0.28412303506764663
MD,014,0.2066934377323592
MD,015,0.35814099244972614
MD,016,0.3513413955696184
MD,017,0.20555883796205673
MD,018,0.3316506566651853
MD,019,0.20155043750242876
MD,020,0.34119558385043663
MD,021,0.14669056061146277
MD,022,0.10122739648664444
MD,023,0.14959182715704927
MD,024,0.07302381504610532
MD,025,0.15667673766925533
MD,026,0.13806205527760135
MD,027,0.10955603302658949
MD,028,0.085882339221367
MD,029,0.022344449409709925
MD,030,0.028227701834356606
MD,031,0.035592989764825944
MD,032,0.2711096382257607
MD,033,0.06134583375801345
MD,034,0.19456988899083968
MD,035,0.17127650852401702
MD,036,0.0414828769960857
MD,037,0.01712700951274468
MD,038,0.011729236282668289
MD,039,0.20860479384238717
MD,040,0.13990306310971257
MD,041,0.32907557363146495
MD,042,0.23112251856247226
MD,043,0.3523825104422977
MD,044,0.11621922604044886
MD,045,0.3852523352660347
MD,046,0.03726599220841936
MD,047,0.11950384213647199
ME,001,0.4241031596796303
ME,002,0.3827455631801297
ME,003,0.19975709439231307
ME,004,0.3395305877755335
ME,005,0.2606523268039751
ME,006,0.34328424778259625
ME,007,0.3556315074503987
ME,008,0.23310594562944842
ME,009,0.5359142918314087
ME,010,0.4316470865425403
ME,011,0.4368971684823995
ME,012,0.3753912672239131
ME,013,0.36752590647137473
ME,014,0.38582314614937124
ME,015,0.38465587690680253
ME,016,0.43309126338482234
ME,017,0.25455734297250565
ME,018,0.2783230031439715
ME,019,0.3089874050703727
ME,020,0.6452757802377087
ME,021,0.6778741665836475
ME,022,0.2338350932922752
ME,023,0.3582639125139115
ME,024,0.3746235788429681
ME,025,0.15922377914744026
ME,026,0.2037953247494942
ME,027,0.17644281663236236
ME,028,0.44262592440172344
ME,029,0.41106516813301613
ME,030,0.3709103660483447
ME,031,0.19317572748054898
ME,032,0.2655120406857718
ME,033,0.29489466512428286
ME,034,0.22183645983405348
ME,035,0.34571554596073517
MI,001,0.17387439605510754
MI,002,0.1522766356736129
MI,003,0.24924557274590217
MI,004,0.10986297414093632
MI,005,0.14658471720529828
MI,006,0.22366535163695228
MI,007,0.4264582830253824
MI,008,0.2032678675689975
MI,009,0.49336445956073344
MI,010,0.34167105202826886
MI,011,0.2762355498797824
MI,012,0.2548728753291183
MI,013,0.3386399971051009
MI,014,0.23205051432925441
MI,015,0.4818439739943074
MI,016,0.45705810412885883
MI,017,0.5356072146789578
MI,018,0.5076667592465183
MI,019,0.37502063172168865
MI,020,0.7705674663272083
MI,021,0.41940945374368244
MI,022,0.578500070737926
MI,023,0.5889581909891132
MI,024,0.39550903337876997
MI,025,0.48183615862715384
MI,026,0.4444288600569036
MI,027,0.5354784199687296
MI,028,0.32525501388791384
MI,029,0.3067744943076742
MI,030,0.4842731247772289
MI,031,0.4026758433575144
MI,032,0.33304651137945834
MI,033,0.5460085646496196
MI,034,0.651476170358098
MI,035,0.32632201231046043
MI,036,0.3651661940711461
MI,037,0.3939577157985267
MI,038,0.5256396303584521
MN,001,0.349418702213666
MN,002,0.31914568870584786
MN,003,0.20837224074609118
MN,004,0.2396224932752969
MN,005,0.3944710830348368
MN,006,0.44964054018943234
MN,007,0.25451200773134847
MN,008,0.5237823074745853
MN,009,0.4738038982843663
MN,010,0.5608975689347725
MN,011,0.5171589735970531
MN,012,0.24117780052249882
MN,013,0.262441986372488
MN,014,0.3906082157210237
MN,015,0.27244866589125893
MN,016,0.266898469004607
MN,017,0.404371406738215
MN,018,0.3405108873262718
MN,019,0.21622453253331153
MN,020,0.3515495442669084
MN,021,0.3167659154861348
MN,022,0.5308668207782469
MN,023,0.3554710886946072
MN,024,0.4837447817273798
MN,025,0.42886665828556675
MN,026,0.4792236010796659
MN,027,0.47898374860602694
MN,028,0.5060446512226218
MN,029,0.3848840658955151
MN,030,0.3366956232167864
MN,031,0.4459528609784192
MN,032,0.3771341751071424
MN,033,0.42811925290820235
MN,034,0.3699007810493063
MN,035,0.4723312938845792
MN,036,0.4110020162004689
MN,037,0.5541520044658449
MN,038,0.30304036668448137
MN,039,0.23614194321031196
MN,040,0.5314611780713601
MN,041,0.4022770997783966
MN,042,0.3275078174640066
MN,043,0.2706720882554339
MN,044,0.1930278297640852
MN,045,0.5050561568742525
MN,046,0.22691998300181007
MN,047,0.4550628827401462
MN,048,0.48507924839773425
MN,049,0.47136348153775914
MN,050,0.4323792556670202
MN,051,0.4044899931894666
MN,052,0.37949634140889116
MN,053,0.5172508164017139
MN,054,0.30687736350419875
MN,055,0.3872445083625116
MN,056,0.4079196374535332
MN,057,0.397722149701934
MN,058,0.38775189837914814
MN,059,0.4155745555794216
MN,060,0.5248594760376766
MN,061,0.43132137948327937
MN,062,0.6021043603246056
MN,063,0.40511983114229294
MN,064,0.4245642301405323
MN,065,0.2964288898310434
MN,066,0.37414228804033783
MN,067,0.5422389046582223
MO,001,0.2567102000058498
MO,002,0.3119684937991729
MO,003,0.4274310937126164
MO,004,0.13530061101751548
MO,005,0.31009011076069654
MO,006,0.41425273074237634
MO,007,0.2646676679700195
MO,008,0.5704781280732233
MO,009,0.37189425563295814
MO,010,0.3178737962854645
MO,011,0.3167518410182072
MO,012,0.2803228281184208
MO,013,0.4150224282971695
MO,014,0.283980341013525
MO,015,0.25179800777838224
MO,016,0.2725420613383054
MO,017,0.4799505676470523
MO,018,0.27810668616147616
MO,019,0.3049421110508711
MO,020,0.2230718199408589
MO,021,0.3535170781380461
MO,022,0.42405324349643164
MO,023,0.18894291990149178
MO,024,0.4100034000028958
MO,025,0.15763978697960562
MO,026,0.37316694469035866
MO,027,0.38461834112505877
MO,028,0.36247721986945214
MO,029,0.36665684552904537
MO,030,0.16111292330741142
MO,031,0.46088332347637967
MO,032,0.44225698380724926
MO,033,0.4008375519168984
MO,034,0.5064913214156985
MS,001,0.23497507592587355
MS,002,0.44076101307355336
MS,003,0.35693786585440773
MS,004,0.5477194773001018
MS,005,0.35814144294646516
MS,006,0.3215547418563877
MS,007,0.1903545495842714
MS,008,0.2962266781746905
MS,009,0.3472461887040471
MS,010,0.2393705215673074
MS,011,0.18029698586145537
MS,012,0.0703974770732274
MS,013,0.29404216116690657
MS,014,0.13275474951261068
MS,015,0.3236092757198492
MS,016,0.12921891497492716
MS,017,0.2173632410194134
MS,018,0.27054970577504034
MS,019,0.27476903260124824
MS,020,0.2922608453878433
MS,021,0.1893924953982965
MS,022,0.10084324549088412
MS,023,0.0864815003870478
MS,024,0.12940076708762474
MS,025,0.1337939390108285
MS,026,0.19122496033260336
MS,027,0.16000621450573038
MS,028,0.2923836659792412
MS,029,0.17768426132112064
MS,030,0.2245157483545519
MS,031,0.42564427401726057
MS,032,0.15636054891004741
MS,033,0.32687268944205555
MS,034,0.17859428861486137
MS,035,0.3652591523581648
MS,036,0.21873460039847284
MS,037,0.17600535212692245
MS,038,0.0844355374659
MS,039,0.2992264018283243
MS,040,0.13707960231008895
MS,041,0.3636649220075505
MS,042,0.24444401152010026
MS,043,0.550794348882066
MS,044,0.488940284069292
MS,045,0.5031283250361556
MS,046,0.41414941377750364
MS,047,0.16556500891408477
MS,048,0.2748038942288538
MS,049,0.15268409049500925
MS,050,0.2901848516756604
MS,051,0.28757944625577136
MS,052,0.3891397249508768
MT,001,0.4451391476180389
MT,002,0.22477237244546291
MT,003,0.5285228374961918
MT,004,0.5026999487638912
MT,005,0.177962914486555
MT,006,0.27057368794739667
MT,007,0.23038271062813878
MT,008,0.13750969172760077
MT,009,0.3637833138173419
MT,010,0.34928686078959115
MT,011,0.30893401252550134
MT,012,0.28493460309986646
MT,013,0.35717240639464254
MT,014,0.36115103669156506
MT,015,0.24959731761115272
MT,016,0.13154933178859424
MT,017,0.17463844379633803
MT,018,0.568804594712153
MT,019,0.21063885419260384
MT,020,0.2852088211549554
MT,021,0.31001389879335245
MT,022,0.27282908555467783
MT,023,0.1702220745016439
MT,024,0.3479236747354807
MT,025,0.2651552918652596
MT,026,0.3910060887600977
MT,027,0.33361377465939157
MT,028,0.21770578236535867
MT,029,0.3521368887077097
MT,030,0.36734953214765925
MT,031,0.43841061544086635
MT,032,0.3476089197573797
MT,033,0.5264793016099236
MT,034,0.34793753348070233
MT,035,0.31225656465143364
MT,036,0.343802008965835
MT,037,0.5563318404377843
MT,038,0.4552898429672739
MT,039,0.3233242915652721
MT,040,0.24145112515879733
MT,041,0.3352359268301115
MT,042,0.3480371941750858
MT,043,0.28896987889476633
MT,044,0.40538819628984446
MT,045,0.29895405240265954
MT,046,0.27247899892333866
MT,047,0.1347461657333414
MT,048,0.18886454371810274
MT,049,0.3426686127388263
MT,050,0.2441973736480341
NC,001,0.22692213497820132
NC,002,0.401518112303668
NC,003,0.20404724069125654
NC,004,0.1585552044695802
NC,005,0.06426503991124792
NC,006,0.5597098769871071
NC,007,0.058150289704476346
NC,008,0.17676067976226575
NC,009,0.2876046088987809
NC,010,0.280101182900552
NC,011,0.2153357305277867
NC,012,0.41635022477732914
NC,013,0.3177917446346285
NC,014,0.08049263922199744
NC,015,0.26885080003722095
NC,016,0.16133003241545954
NC,017,0.3158042122324566
NC,018,0.15543680718906047
NC,019,0.04563807110586506
NC,020,0.1410896404142792
NC,021,0.055181325572201984
NC,022,0.13513927660192515
NC,023,0.3691368193448191
NC,024,0.32546504208707727
NC,025,0.23717842587474128
NC,026,0.5377201962467968
NC,027,0.13021272191304017
NC,028,0.11780113779590112
NC,029,0.2556158505122425
NC,030,0.29723034994643277
NC,031,0.09192365550000697
NC,032,0.064269600763826
NC,033,0.2751404553655789
NC,034,0.2806012367717037
NC,035,0.5567737961172519
NC,036,0.3812602676068327
NC,037,0.15412143377276158
NC,038,0.25794891734040465
NC,039,0.3433530186615999
NC,040,0.18005181381102414
NC,041,0.11810910468873433
NC,042,0.4711007368175297
NC,043,0.4774363741746968
NC,044,0.1637495100575377
NC,045,0.2601361725908523
NC,046,0.323070208371622
NC,047,0.23828486763118523
NC,048,0.317010361504178
NC,049,0.2875875166986377
NC,050,0.43687864484486205
ND,001,0.6189889365379518
ND,002,0.4156403432483816
ND,003,0.680552192447846
ND,004,0.31419008231865414
ND,005,0.5311079776576727
ND,006,0.46204675196962797
ND,007,0.2377329720552972
ND,008,0.3162997297962291
ND,009,0.7138643905092874
ND,010,0.3740166135561054
ND,011,0.3390300912103292
ND,012,0.2731250633428142
ND,013,0.38658597302286235
ND,014,0.4197717731466907
ND,015,0.35885177139488333
ND,016,0.2912962673765953
ND,017,0.3770893609103978
ND,018,0.3573920857487995
ND,019,0.34481550076302137
ND,020,0.32934792844218713
ND,021,0.39849074543064544
ND,022,0.4368270374595704
ND,023,0.3223655954056639
ND,024,0.46325716709841996
ND,025,0.19429681298767523
ND,026,0.437987689624607
ND,027,0.2702083316972392
ND,028,0.43058040861024943
ND,029,0.4234333112703899
ND,030,0.2563123055902123
ND,031,0.3707086869727511
ND,032,0.4176368041144156
ND,033,0.37054431149752953
ND,034,0.19762135616992077
ND,035,0.24490753058881687
ND,036,0.3340067652172414
ND,037,0.5429390786461371
ND,038,0.5571987704573838
ND,039,0.29405228492497015
ND,040,0.5532792525065647
ND,041,0.5668540803796034
ND,042,0.46281007320375833
ND,043,0.6445806977979488
ND,044,0.28132475103698057
ND,045,0.3022569601914475
ND,046,0.22760228060007145
ND,047,0.5949753344687962
NE,001,0.516332326703699
NE,002,0.419171952602139
NE,003,0.47593860758496215
NE,004,0.5384548170509673
NE,005,0.5112564160889259
NE,006,0.4553786707217395
NE,007,0.5117623595113339
NE,008,0.4060611703317316
NE,009,0.40686865563927144
NE,010,0.36577896168570295
NE,011,0.49730554819890416
NE,012,0.3647269880709429
NE,013,0.28754681970287777
NE,014,0.6476732748407196
NE,015,0.5684092738147489
NE,016,0.3344378641754224
NE,017,0.33931343953691984
NE,018,0.4439185434724582
NE,019,0.625418303275124
NE,020,0.4638284905668154
NE,021,0.5605209386445235
NE,022,0.42542847753221813
NE,023,0.4749666865387375
NE,024,0.5742680456379263
NE,025,0.42047932800279236
NE,026,0.47078858762780007
NE,027,0.2514666780355898
NE,028,0.44401949211235126
NE,029,0.5542451743438639
NE,030,0.5239811500432174
NE,031,0.703603105440815
NE,032,0.5769973199153663
NE,033,0.5297845941439344
NE,034,0.3779849806194916
NE,035,0.5123494414405092
NE,036,0.5118252610056286
NE,037,0.5878984020426661
NE,038,0.3028266430766082
NE,039,0.5321426960801668
NE,040,0.3385141350812614
NE,041,0.462006753400246
NE,042,0.7393200558199006
NE,043,0.3620509224938521
NE,044,0.4375677616321166
NE,045,0.40124208994099253
NE,046,0.40773757505224906
NE,047,0.3095001143421064
NE,048,0.6656307972212083
NE,049,0.42501461792685113
NH,001,0.26155180087059743
NH,002,0.25359492558827446
NH,003,0.3999153071234963
NH,004,0.3519055958379826
NH,005,0.2511136079953871
NH,006,0.3411134208762065
NH,007,0.338724449841874
NH,008,0.2941556160051915
NH,009,0.1835328204096072
NH,010,0.342113476524854
NH,011,0.29902530483193107
NH,012,0.26014939763765754
NH,013,0.3433631901547625
NH,014,0.3209273111279201
NH,015,0.2994429922362363
NH,016,0.3422616506200172
NH,017,0.38726615214815496
NH,018,0.2662150366932873
NH,019,0.3938786239530535
NH,020,0.3257320057646592
NH,021,0.41335809657011807
NH,022,0.2769571060698018
NH,023,0.3617326421256657
NH,024,0.2758241876842417
NJ,001,0.4129321297089909
NJ,002,0.25933329593159843
NJ,003,0.24215405152669334
NJ,004,0.32202571017883386
NJ,005,0.1686447314053027
NJ,006,0.20559485504994718
NJ,007,0.18775701777905113
NJ,008,0.2010402414092076
NJ,009,0.23337374583562756
NJ,010,0.2680012024922037
NJ,011,0.20577082302114422
NJ,012,0.20637091897599213
NJ,013,0.2533017857639706
NJ,014,0.17447708304464488
NJ,015,0.40501237806159973
NJ,016,0.17914794472235873
NJ,017,0.27104621152267816
NJ,018,0.20364105831501045
NJ,019,0.2974044392368189
NJ,020,0.28101325417595807
NJ,021,0.19153601019234487
NJ,022,0.19780947952873754
NJ,023,0.20203363080342102
NJ,024,0.4209806340237566
NJ,025,0.19557464317796788
NJ,026,0.197427175596883
NJ,027,0.2438119112144453
NJ,028,0.16697726914061972
NJ,029,0.309182151540016
NJ,030,0.29929606559954713
NJ,031,0.303298529401053
NJ,032,0.18657585211063482
NJ,033,0.32773115454305024
NJ,034,0.20623920077225852
NJ,035,0.2948018698560177
NJ,036,0.2782758110555524
NJ,037,0.2600672929369404
NJ,038,0.22896158969723285
NJ,039,0.24527548520126966
NJ,040,0.20913388483247197
NM,001,0.32384954719639014
NM,002,0.3442264738268628
NM,003,0.16956427254163836
NM,004,0.100498725173452
NM,005,0.282949038338093
NM,006,0.15598579427126574
NM,007,0.27322622448564693
NM,008,0.27875424451806347
NM,009,0.2651260471091817
NM,010,0.19894249437666395
NM,011,0.35467307275517984
NM,012,0.22397654578837792
NM,013,0.24754859686880817
NM,014,0.39749689293297535
NM,015,0.3439628186588335
NM,016,0.21525717151449617
NM,017,0.26913868303768734
NM,018,0.4738006323082235
NM,019,0.23851169003371128
NM,020,0.3806527656416555
NM,021,0.5915461001551191
NM,022,0.22933174430866926
NM,023,0.49112331682517557
NM,024,0.32329096290478493
NM,025,0.2779565283696176
NM,026,0.3127110961698696
NM,027,0.5113031370492369
NM,028,0.27734174946133533
NM,029,0.17146669654246832
NM,030,0.13653430958383345
NM,031,0.11354892858217912
NM,032,0.19938648376438714
NM,033,0.13411414923348128
NM,034,0.3483598946778406
NM,035,0.1836336314169667
NM,036,0.18283031958066517
NM,037,0.46039590020219046
NM,038,0.39969249368707166
NM,039,0.14610186410427722
NM,040,0.23104384186715163
NM,041,0.36688706251301534
NM,042,0.20349214769000615
NV,001,0.5426961886891084
NV,002,0.3928920201789036
NV,003,0.36395395992712815
NV,004,0.42261352494337595
NV,005,0.2652574987396945
NV,006,0.3885816581220658
NV,007,0.325068166766804
NV,008,0.35250799337373384
NV,009,0.4185649027246862
NV,010,0.3168550597225974
NV,011,0.5645601257382331
NV,012,0.2057363142996914
NV,013,0.21353605821039048
NV,014,0.2802462586770271
NV,015,0.2627794193480791
NV,016,0.32284939471721763
NV,017,0.3465696066992083
NV,018,0.48111289934437396
NV,019,0.5086688803764249
NV,020,0.2152415571337873
NV,021,0.5189594440679165
NY,001,0.4274127891075308
NY,002,0.21334746499007706
NY,003,0.18778565961515337
NY,004,0.2462228306260494
NY,005,0.39999697934878853
NY,006,0.22652832236901937
NY,007,0.28762142397209495
NY,008,0.3156891896075152
NY,009,0.27431378813642515
NY,010,0.22031841774234717
NY,011,0.07167284069385635
NY,012,0.09299048709775863
NY,013,0.30343723203573764
NY,014,0.08502224792718234
NY,015,0.10096800870832917
NY,016,0.04712874262445852
NY,017,0.11423148077739531
NY,018,0.11206173982600427
NY,019,0.18794427779752243
NY,020,0.1029932020474154
NY,021,0.2065490208637288
NY,022,0.10079039530626682
NY,023,0.11133367856992021
NY,024,0.5036067555382319
NY,025,0.15789935545551145
NY,026,0.1707459231632281
NY,027,0.10870667469794411
NY,028,0.1626723706307014
NY,029,0.09162365527589589
NY,030,0.11989955769685881
NY,031,0.11151188695619524
NY,032,0.0706106811297466
NY,033,0.1521901591739942
NY,034,0.08656302459316176
NY,035,0.17089659945444297
NY,036,0.2864653220061696
NY,037,0.12779327748579722
NY,038,0.4313147074381529
NY,039,0.2747063104944447
NY,040,0.20459416538661596
NY,041,0.41786491137443
NY,042,0.17743610844379404
NY,043,0.25861104993415535
NY,044,0.258206638439167
NY,045,0.3000229590650483
NY,046,0.18715757866655328
NY,047,0.17037520992066868
NY,048,0.31333262710837745
NY,049,0.2888440495830457
NY,050,0.17598543633405253
NY,051,0.14042915431098743
NY,052,0.29019297938021577
NY,053,0.13356133939170423
NY,054,0.48533315202690064
NY,055,0.19930262862570772
NY,056,0.33851017774139147
NY,057,0.2723630379787083
NY,058,0.5871688657535437
NY,059,0.15860617252030146
NY,060,0.2175989885043298
NY,061,0.21047006659156514
NY,062,0.4170498617984635
NY,063,0.30883516719222415
OH,001,0.25271193216060606
OH,002,0.07721081684406667
OH,003,0.07678896000436174
OH,004,0.4871301680253553
OH,005,0.2649000999383628
OH,006,0.1383581728130735
OH,007,0.2510278548638467
OH,008,0.17477275622378607
OH,009,0.2400164266467018
OH,010,0.5031067822724845
OH,011,0.11834972285586383
OH,012,0.27139873140586934
OH,013,0.38196985485411267
OH,014,0.2566220926113938
OH,015,0.08920447889075059
OH,016,0.23254001949240422
OH,017,0.24732346598782579
OH,018,0.287862256732364
OH,019,0.20492125623051002
OH,020,0.1791575329745775
OH,021,0.13855509940145233
OH,022,0.28130302448113115
OH,023,0.2171727630491409
OH,024,0.10493635669300516
OH,025,0.07653168631778434
OH,026,0.3545295256314458
OH,027,0.20963568492164433
OH,028,0.2030322319882124
OH,029,0.5927137673809131
OH,030,0.22047428925306956
OH,031,0.23887575748821763
OH,032,0.5219611837878803
OH,033,0.681016944159381
OK,001,0.45871586402171816
OK,002,0.36540856270191363
OK,003,0.20315877517183614
OK,004,0.4750455301109307
OK,005,0.28070531738024573
OK,006,0.2720437052040864
OK,007,0.33246175132761663
OK,008,0.26883820079874154
OK,009,0.305303888977356
OK,010,0.3781019645510852
OK,011,0.4596613687289505
OK,012,0.5398454969896478
OK,013,0.2935360811415073
OK,014,0.3092158710478013
OK,015,0.28166360949037467
OK,016,0.3358547215360368
OK,017,0.20678575123292567
OK,018,0.2637445208710829
OK,019,0.5539695347777462
OK,020,0.1964738904395083
OK,021,0.5122017056098728
OK,022,0.319905572059449
OK,023,0.5152624463907552
OK,024,0.5816864372824907
OK,025,0.2718492900677707
OK,026,0.20920167068832354
OK,027,0.2572338804852698
OK,028,0.3023763235971219
OK,029,0.6340455673316973
OK,030,0.12750087942279448
OK,031,0.22502633049099988
OK,032,0.630253858122357
OK,033,0.20253487251384528
OK,034,0.35925359904241333
OK,035,0.2330084984539993
OK,036,0.4832204247000776
OK,037,0.3377344881801842
OK,038,0.3983300721559588
OK,039,0.31667431416474967
OK,040,0.382477553745545
OK,041,0.6041899182334702
OK,042,0.6220476343068919
OK,043,0.25410694004423784
OK,044,0.20210343932490502
OK,045,0.18357694181860415
OK,046,0.23457118080787878
OK,047,0.31600874466989776
OK,048,0.34846262265208294
OR,001,0.3108137159526244
OR,002,0.23695417607107058
OR,003,0.4449761259287164
OR,004,0.23120628814198319
OR,005,0.1774213826134489
OR,006,0.3692483820560424
OR,007,0.2787327287012353
OR,008,0.26883371095967856
OR,009,0.3613666052506361
OR,010,0.22212063150267491
OR,011,0.19279223721392427
OR,012,0.11360130404791277
OR,013,0.17923034887883696
OR,014,0.28623084584539765
OR,015,0.2514030960672093
OR,016,0.40113585551131525
OR,017,0.29803146682315507
OR,018,0.18806426693109587
OR,019,0.3515415017346664
OR,020,0.2610236448917191
OR,021,0.37794606359776967
OR,022,0.39827529514421667
OR,023,0.32218280176178865
OR,024,0.2006712343174724
OR,025,0.24579547793309245
OR,026,0.30694524021960795
OR,027,0.3018485091548835
OR,028,0.37208438956356005
OR,029,0.33096109019219777
OR,030,0.2521728329113449
PA,001,0.22267412168177378
PA,002,0.15036917176385647
PA,003,0.1564373214219545
PA,004,0.4080897092101156
PA,005,0.22546293506416404
PA,006,0.2735088549932203
PA,007,0.13258438237147233
PA,008,0.1914494309330682
PA,009,0.26622262418799364
PA,010,0.25563287228472187
PA,011,0.22164112722531248
PA,012,0.2254213993149515
PA,013,0.4155650755145777
PA,014,0.20358399619755085
PA,015,0.29661635261757535
PA,016,0.23537982183295733
PA,017,0.250256213795964
PA,018,0.12434104687013309
PA,019,0.15342091682629233
PA,020,0.16731352898623592
PA,021,0.2726503525343077
PA,022,0.32301095764136134
PA,023,0.3189269654602668
PA,024,0.14730322807662022
PA,025,0.31763457237138804
PA,026,0.14347236695031337
PA,027,0.30016797968131453
PA,028,0.2824451884543226
PA,029,0.3626837907196895
PA,030,0.17061530248714582
PA,031,0.2700052234019144
PA,032,0.32400998489610594
PA,033,0.4382342717826889
PA,034,0.23356065121658037
PA,035,0.24096042420167113
PA,036,0.33996205891969955
PA,037,0.1475272108763223
PA,038,0.3888611974353229
PA,039,0.2928360027317497
PA,040,0.2646004768514756
PA,041,0.2783001427634572
PA,042,0.12005858974895936
PA,043,0.19751123119196656
PA,044,0.20733211471324706
PA,045,0.11041152928836216
PA,046,0.34825698862992915
PA,047,0.6186605380669727
PA,048,0.20621560058270152
PA,049,0.5430936557346242
PA,050,0.46944096879631175
PR,001,0.15942750038985487
PR,002,0.2047673007461742
PR,003,0.19501664710324004
PR,004,0.18170974935432502
PR,005,0.15085891842829438
PR,006,0.16645040910092598
PR,007,0.34866233474927844
PR,008,0.04938799815329244
RI,001,0.2486252550470091
RI,002,0.4125659145012533
RI,003,0.599864725670262
RI,004,0.2962486407338986
RI,005,0.201621153068549
RI,006,0.19006833805966813
RI,007,0.2238766842466863
RI,008,0.325532469739511
RI,009,0.43781819014765394
RI,010,0.23635259419561946
RI,011,0.32687684408931084
RI,012,0.3108851408807993
RI,013,0.3839457856690406
RI,014,0.3446916952055076
RI,015,0.2762512772650695
RI,016,0.6481905370325292
RI,017,0.3305937491924609
RI,018,0.10674376748795687
RI,019,0.3033653341582236
RI,020,0.34871445987644584
RI,021,0.3557967450344923
RI,022,0.5002964130711437
RI,023,0.6351713097820992
RI,024,0.3831700350808135
RI,025,0.5530133876285623
RI,026,0.4228619098158355
RI,027,0.3203044939631754
RI,028,0.18081480659585536
RI,029,0.5022005814356396
RI,030,0.2722171232449696
RI,031,0.22739296730737407
RI,032,0.3859464880831099
RI,033,0.2195187941186246
RI,034,0.32517276224275427
RI,035,0.15350136488159777
RI,036,0.39815831660111345
RI,037,0.2641870630891124
RI,038,0.20562608481409203
SC,001,0.34935839728889456
SC,002,0.3597999288466739
SC,003,0.37994122504600075
SC,004,0.17541864820784936
SC,005,0.22774958833936493
SC,006,0.28621087307401577
SC,007,0.21363798634722408
SC,008,0.1856671133856996
SC,009,0.27588553004955757
SC,010,0.22390563557241933
SC,011,0.3101599728139446
SC,012,0.37506444391796073
SC,013,0.22876596904231528
SC,014,0.21779317342831034
SC,015,0.17334732969298286
SC,016,0.1981257681575339
SC,017,0.31116879401355746
SC,018,0.28536617920634605
SC,019,0.4044568628457421
SC,020,0.1365645405921143
SC,021,0.20743418044128611
SC,022,0.16362388036068573
SC,023,0.23203228322997171
SC,024,0.2227427029765023
SC,025,0.15170307277217068
SC,026,0.09545876347273155
SC,027,0.30403664821623155
SC,028,0.13285894056163444
SC,029,0.16063910464810485
SC,030,0.12233301105526755
SC,031,0.14622473760213228
SC,032,0.2709294459082783
SC,033,0.2356023681441418
SC,034,0.16910921094661185
SC,035,0.11517439409874518
SC,036,0.19049932486617313
SC,037,0.32446906902461176
SC,038,0.23336732938626673
SC,039,0.21847868678877974
SC,040,0.21928766568629923
SC,041,0.2387773067238425
SC,042,0.15510342781820938
SC,043,0.13265341334570677
SC,044,0.1898648211921722
SC,045,0.10320258776385355
SC,046,0.25127196632379795
SD,001,0.2913941612213906
SD,002,0.28039638225317287
SD,003,0.32840215876424234
SD,004,0.30209161247435334
SD,005,0.7469204606287478
SD,006,0.3764057561296338
SD,007,0.4938124660670334
SD,008,0.41250974929685047
SD,009,0.340248771580726
SD,010,0.2345235973159209
SD,011,0.4585640899751552
SD,012,0.3929360002384888
SD,013,0.5072835574302487
SD,014,0.2725247862482481
SD,015,0.29714294804337515
SD,016,0.19539633848256588
SD,017,0.49557307808907597
SD,018,0.6612962929388932
SD,019,0.37591739699921073
SD,020,0.5582564449964158
SD,021,0.30303625173374643
SD,022,0.4830057180852995
SD,023,0.4020885378182733
SD,024,0.4885428822551727
SD,025,0.23462072721491026
SD,026,0.320299454451676
SD,027,0.41107765480762165
SD,028,0.3301523761759352
SD,029,0.4502592655085688
SD,030,0.34359259152006677
SD,031,0.5335538703876416
SD,032,0.4408899872583462
SD,033,0.17094035034216148
SD,034,0.1235512512087908
SD,035,0.2788003545244956
TN,001,0.1603981215909076
TN,002,0.24284884565963152
TN,003,0.3117021585435209
TN,004,0.26751725868030846
TN,005,0.12427165778425595
TN,006,0.15823640354034132
TN,007,0.08640395924194924
TN,008,0.23275295566623028
TN,009,0.19845351624297652
TN,010,0.09314780862551292
TN,011,0.31943552184707225
TN,012,0.1973478057798548
TN,013,0.17570880998895996
TN,014,0.23255750002248193
TN,015,0.2679857617285871
TN,016,0.40955910542794527
TN,017,0.15580301327724336
TN,018,0.20243271832770443
TN,019,0.12560719401876203
TN,020,0.10538662643946452
TN,021,0.05166354782255674
TN,022,0.46241717326048576
TN,023,0.4256824018778453
TN,024,0.4870438979721176
TN,025,0.27383581910079763
TN,026,0.35997744191213793
TN,027,0.14113548522825606
TN,028,0.3787169420612898
TN,029,0.16907668699719394
TN,030,0.18812590574369056
TN,031,0.20526142551727491
TN,032,0.14937862743205796
TN,033,0.3588701822712949
TX,001,0.2742510657875413
TX,002,0.2755400257103602
TX,003,0.17744194056143847
TX,004,0.1501426065464012
TX,005,0.20744637853571807
TX,006,0.07117009634245544
TX,007,0.18353020326718203
TX,008,0.35008407646050493
TX,009,0.11540089374131185
TX,010,0.16821475561880636
TX,011,0.246663753831101
TX,012,0.2079386155271038
TX,013,0.13295520594140353
TX,014,0.20890379222696306
TX,015,0.07843541080019718
TX,016,0.208269330325493
TX,017,0.09464754902433563
TX,018,0.28612300408749874
TX,019,0.1641303704775579
TX,020,0.16410530981688334
TX,021,0.1474511327345696
TX,022,0.3790883804645561
TX,023,0.25029824735724265
TX,024,0.20119582490240312
TX,025,0.28819297605474764
TX,026,0.1411857438849281
TX,027,0.32062023168374415
TX,028,0.21402729251639685
TX,029,0.33995860363927155
TX,030,0.2320053320378021
TX,031,0.2749000441950957
UT,001,0.363809548796548
UT,002,0.38651334704501944
UT,003,0.34388220370983547
UT,004,0.4631130613861527
UT,005,0.31350913628460203
UT,006,0.360555513580683
UT,007,0.21528832227777334
UT,008,0.25452967971052826
UT,009,0.23532832904306714
UT,010,0.2383448094722941
UT,011,0.2799458136877294
UT,012,0.29831328448758776
UT,013,0.3887638658421187
UT,014,0.1988904310397157
UT,015,0.3449691914248441
UT,016,0.2580859501094172
UT,017,0.43467399655641903
UT,018,0.23736681096742013
UT,019,0.1964439135774591
UT,020,0.4570729230880653
UT,021,0.6055082788211236
UT,022,0.32998940396747756
UT,023,0.3268197776879752
UT,024,0.30343649225228797
UT,025,0.3196238386752722
UT,026,0.3664132535420497
UT,027,0.1975449667759853
UT,028,0.3778347319677476
UT,029,0.37862199485994263
VA,001,0.1567290403103417
VA,002,0.14801585460762162
VA,003,0.11141001681875307
VA,004,0.1734557684882555
VA,005,0.16367200738861198
VA,006,0.29253317827023523
VA,007,0.24463827159346654
VA,008,0.4021530973814189
VA,009,0.11000557463345625
VA,010,0.12704939994353975
VA,011,0.19594902450511661
VA,012,0.22480374944834536
VA,013,0.16918987977879307
VA,014,0.12352242131004702
VA,015,0.11573537633073877
VA,016,0.0959254595582805
VA,017,0.16293560450893183
VA,018,0.12484796218511432
VA,019,0.11223340960100599
VA,020,0.1167562488933652
VA,021,0.12825706117180777
VA,022,0.18260050618300688
VA,023,0.16549813798434812
VA,024,0.14912021894474065
VA,025,0.14802538080152794
VA,026,0.27239027226109036
VA,027,0.19952567748403383
VA,028,0.07788322913575935
VA,029,0.09629272055648253
VA,030,0.10268409881053597
VA,031,0.15478732018156852
VA,032,0.1597122975580549
VA,033,0.13972453725299944
VA,034,0.15610193941728823
VA,035,0.22283609923293884
VA,036,0.09309974065721949
VA,037,0.09348562894983659
VA,038,0.14468426100681167
VA,039,0.19546689367308404
VA,040,0.1394649573605995
VT,ADD,0.44138192227309586
VT,BEN,0.4248004474605078
VT,CAL,0.2336245443776364
VT,CGI,0.25852974208033086
VT,CHI,0.3435831542247439
VT,E-O,0.22325717292466174
VT,FRA,0.48814022938570023
VT,LAM,0.4939768324538321
VT,ORA,0.5029893823099222
VT,RUT,0.4057223114475947
VT,WAS,0.49587156982736147
VT,WDM,0.3718123004736878
VT,WSR,0.29806148538679295
WA,001,0.22247755864901866
WA,002,0.19502038643243313
WA,003,0.2571158903041983
WA,004,0.4557544174454368
WA,005,0.23276067815498638
WA,006,0.2421764976206137
WA,007,0.34230574608732295
WA,008,0.23799616780625626
WA,009,0.32460346200864315
WA,010,0.3313280327529527
WA,011,0.11830192102658257
WA,012,0.31817611352907427
WA,013,0.21212390840978124
WA,014,0.2804898229788563
WA,015,0.42012772789725544
WA,016,0.25350193563134676
WA,017,0.4122769574514017
WA,018,0.1537671753351528
WA,019,0.29232749807450137
WA,020,0.2335025451028007
WA,021,0.2716573910371379
WA,022,0.299443451003946
WA,023,0.5879003279927096
WA,024,0.35459436690292406
WA,025,0.3625810270354381
WA,026,0.31054130443137845
WA,027,0.3573657106262338
WA,028,0.27959376082127935
WA,029,0.2575224323873801
WA,030,0.3384972462327272
WA,031,0.2756417660182923
WA,032,0.27050137223443205
WA,033,0.24650304103667572
WA,034,0.5407939915298664
WA,035,0.29316882257020566
WA,036,0.6077898553512948
WA,037,0.3317841534385552
WA,038,0.3487539653416079
WA,039,0.24532685466463425
WA,040,0.22971774372300194
WA,041,0.19926940929829495
WA,042,0.23501662640793783
WA,043,0.3583416066847148
WA,044,0.26307548071853276
WA,045,0.23560576330846505
WA,046,0.3088068881077707
WA,047,0.2737825619350114
WA,048,0.29357032328873583
WA,049,0.44390514749731325
WI,001,0.26828756028728196
WI,002,0.1850776815414668
WI,003,0.38633828135404524
WI,004,0.22023899985306397
WI,005,0.4419733920968273
WI,006,0.30698029164867097
WI,007,0.3948510686937913
WI,008,0.12821564989704673
WI,009,0.40904587316098023
WI,010,0.28218041224778523
WI,011,0.17974004313292288
WI,012,0.3227227920992019
WI,013,0.22259086137177495
WI,014,0.15112295747204635
WI,015,0.25283450456520234
WI,016,0.07301867288625305
WI,017,0.2776251489291292
WI,018,0.4993335343142609
WI,019,0.4150376455467395
WI,020,0.22665745455006972
WI,021,0.2002527367811213
WI,022,0.09262700602746293
WI,023,0.2517593812435246
WI,024,0.23101354843773853
WI,025,0.2655772226002677
WI,026,0.05208150132486014
WI,027,0.11145633005691755
WI,028,0.2779309216907329
WI,029,0.21450933184621238
WI,030,0.23549593573732835
WI,031,0.24146899381837056
WI,032,0.3332141384254595
WI,033,0.22157945570622728
WV,001,0.2254006106568836
WV,002,0.1518856797337268
WV,003,0.16213726831369024
WV,004,0.23407066612664337
WV,005,0.2670408990625081
WV,006,0.07225311174726495
WV,007,0.2003445561195441
WV,008,0.24240504044450265
WV,009,0.20782511324939035
WV,010,0.2883503743622452
WV,011,0.25303281164243646
WV,012,0.2551878904269376
WV,013,0.18904094585585776
WV,014,0.1620793711949406
WV,015,0.17078252457376877
WV,016,0.3295841549128325
WV,017,0.20152861571631242
WY,001,0.45790911704181136
WY,002,0.2828697497543052
WY,003,0.40621915115607937
WY,004,0.4204143862956924
WY,005,0.5390657927513014
WY,006,0.27757727806376736
WY,007,0.4744978739157043
WY,008,0.38320619034073217
WY,009,0.12140609549045032
WY,010,0.305640911674202
WY,011,0.32472785722436476
WY,012,0.35864548576877864
WY,013,0.1128744790308103
WY,014,0.13689825861387533
WY,015,0.5110060722490705
WY,016,0.23183423939326367
WY,017,0.47460020224503335
WY,018,0.3144873295303507
WY,019,0.27903401956079044
WY,020,0.38718976451435655
WY,021,0.29789247878991176
WY,022,0.4455962333565781
WY,023,0.2596987835096905
WY,024,0.2249610873656376
WY,025,0.2690665323357636
WY,026,0.1483032252673302
WY,027,0.3591318288258185
WY,028,0.1427511907705161
WY,029,0.2766354417926672
WY,030,0.43559952132239554
