AK,00A,0.7940010405041855
AK,00B,0.7150029815312002
AK,00C,0.7609272621033881
AK,00D,0.8359914142449593
AK,00E,0.7465780796304212
AK,00F,0.8190663959508087
AK,00G,0.8089691951211635
AK,00H,0.7243571007355643
AK,00I,0.6866683595362809
AK,00J,0.7686538172190248
AK,00K,0.9065787514491003
AK,00L,0.858355749443936
AK,00M,0.8192520088683872
AK,00N,0.6868159157852226
AK,00O,0.766894681940119
AK,00P,0.33141089872385715
AK,00Q,0.8017988484926432
AK,00R,0.8553764087260733
AK,00S,0.025237243990155298
AK,00T,0.6978102829993358
AL,001,0.7218329716687438
AL,002,0.788568356109889
AL,003,0.9115594426930829
AL,004,0.58786313462024
AL,005,0.8654224219554376
AL,006,0.6012866505809076
AL,007,0.7062310590962777
AL,008,0.7915840057775458
AL,009,0.7688857339469352
AL,010,0.7123030309337126
AL,011,0.5291006973856576
AL,012,0.622515852372588
AL,013,0.7060809223122105
AL,014,0.7412029677623844
AL,015,0.5819722649499351
AL,016,0.7877426078297107
AL,017,0.6181285604590941
AL,018,0.6003723661341377
AL,019,0.6629957024361582
AL,020,0.6175874757678487
AL,021,0.5487346359424016
AL,022,0.552519680932589
AL,023,0.7450369837272292
AL,024,0.7199191769568295
AL,025,0.6522023860547386
AL,026,0.6477224643579734
AL,027,0.5726344350444819
AL,028,0.6936450941043408
AL,029,0.7686651440472201
AL,030,0.7462041828513879
AL,031,0.7091348628915848
AL,032,0.8835561293381365
AL,033,0.7565648339308072
AL,034,0.8288003739606989
AL,035,0.8807567043294062
AR,001,0.7438712306359966
AR,002,0.6445401051395293
AR,003,0.8216373216327827
AR,004,0.750274522872074
AR,005,0.6881260103413571
AR,006,0.7383079693317928
AR,007,0.6647784324251247
AR,008,0.7083799198103785
AR,009,0.681201368713254
AR,010,0.8319048655654557
AR,011,0.7324984718574818
AR,012,0.6400725583720451
AR,013,0.701604636068993
AR,014,0.7090840279608335
AR,015,0.6553089350136946
AR,016,0.6169312406845593
AR,017,0.8526329312479098
AR,018,0.607642709125729
AR,019,0.7143968506623796
AR,020,0.8015903770143139
AR,021,0.7959271982485322
AR,022,0.7911694706249031
AR,023,0.6490467850356897
AR,024,0.7117423044297063
AR,025,0.6263712287461441
AR,026,0.8418753844393416
AR,027,0.5716758493407942
AR,028,0.7484199095462181
AR,029,0.672495573149472
AR,030,0.690923222048237
AR,031,0.8116635360018115
AR,032,0.622458429992901
AR,033,0.6682053775559256
AR,034,0.5851836950143602
AR,035,0.6968871511021618
AZ,001,0.8325263455112359
AZ,002,0.7583808118521689
AZ,003,0.7916747437481375
AZ,004,0.7358545282524278
AZ,005,0.6624588744384622
AZ,006,0.5896669059774302
AZ,007,0.6372296370423789
AZ,008,0.6684103341928183
AZ,009,0.7883217725005471
AZ,010,0.6122630601905518
AZ,011,0.6265171774061111
AZ,012,0.7417790436636652
AZ,013,0.6857589747563517
AZ,014,0.8468608360977739
AZ,015,0.7226409141843338
AZ,016,0.7925574953443064
AZ,017,0.8825001832016748
AZ,018,0.7720615582966093
AZ,019,0.6562198024520679
AZ,020,0.7769574884932897
AZ,021,0.8749660729810482
AZ,022,0.7571348798123009
AZ,023,0.7961091331473271
AZ,024,0.6463785506282187
AZ,025,0.6850029679600578
AZ,026,0.6555942541700989
AZ,027,0.7350125650242323
AZ,028,0.789831217035068
AZ,029,0.843085259277284
AZ,030,0.7341602073690291
CA,001,0.7130159149884142
CA,002,0.6664873699933528
CA,003,0.8445044956345857
CA,004,0.8480171499669684
CA,005,0.8403329754193255
CA,006,0.7710342982801097
CA,007,0.7937974632950421
CA,008,0.8580238913831969
CA,009,0.8054290341734671
CA,010,0.7626051089977463
CA,011,0.36289597557448394
CA,012,0.7984093053496418
CA,013,0.8512601802347519
CA,014,0.6279368930313615
CA,015,0.7202989934833949
CA,016,0.7621262794182646
CA,017,0.6503765078146568
CA,018,0.783411008193108
CA,019,0.5283399126525511
CA,020,0.5976133254054629
CA,021,0.7499505250948019
CA,022,0.7245046920874392
CA,023,0.6315607015779938
CA,024,0.7668764143182945
CA,025,0.8215695815768082
CA,026,0.4173714183554115
CA,027,0.8364402016812755
CA,028,0.8859657695595778
CA,029,0.7326598146453026
CA,030,0.7478017305242765
CA,031,0.7005502054316884
CA,032,0.7867213065929353
CA,033,0.6204997551979601
CA,034,0.7397499243653203
CA,035,0.7066564084962202
CA,036,0.7374984309419861
CA,037,0.7112067011707964
CA,038,0.8984952445346962
CA,039,0.6273824311706296
CA,040,0.773872345355507
CO,001,0.8724658360183396
CO,002,0.6635835652879689
CO,003,0.8384027471169109
CO,004,0.8892235642237505
CO,005,0.6372949849265519
CO,006,0.8176767053977502
CO,007,0.8433480405561852
CO,008,0.89997118902758
CO,009,0.8799851639501384
CO,010,0.8161990969407745
CO,011,0.644770755288262
CO,012,0.7211700371691563
CO,013,0.8296233683890887
CO,014,0.7729105223315264
CO,015,0.9321121787427842
CO,016,0.5902446052556058
CO,017,0.6332110896358045
CO,018,0.8886237816879552
CO,019,0.8835005389031372
CO,020,0.5353387496529426
CO,021,0.7012591569084997
CO,022,0.6576778693272657
CO,023,0.602328513630697
CO,024,0.843223291416315
CO,025,0.8560287767449377
CO,026,0.5414676331894804
CO,027,0.71966288024909
CO,028,0.7638328088999959
CO,029,0.9090953989214595
CO,030,0.8337681963195147
CO,031,0.6044444916740953
CO,032,0.6993540464961617
CO,033,0.5879157921671244
CO,034,0.7587850198281129
CO,035,0.9240164341987687
CT,001,0.7179112474288988
CT,002,0.8261457545314581
CT,003,0.7473078674576357
CT,004,0.7602591381597202
CT,005,0.5351870267533488
CT,006,0.7763323394666367
CT,007,0.8391164830028746
CT,008,0.7048681571949079
CT,009,0.6192023701884123
CT,010,0.7933166770773052
CT,011,0.5773174473424518
CT,012,0.791792117626633
CT,013,0.648294509451891
CT,014,0.7726215013015668
CT,015,0.7012158745767207
CT,016,0.8681047104132938
CT,017,0.6835566470051391
CT,018,0.8088480488805191
CT,019,0.6092451867480504
CT,020,0.7458911168846941
CT,021,0.5437860271482756
CT,022,0.6471827094581741
CT,023,0.7640140806594847
CT,024,0.7738068660352857
CT,025,0.8175380777667993
CT,026,0.6343782745889082
CT,027,0.7674361788168013
CT,028,0.6429516665810154
CT,029,0.5504116341863367
CT,030,0.713807979269371
CT,031,0.6880057214342307
CT,032,0.7927165469433344
CT,033,0.7402669495897067
CT,034,0.6366733444134242
CT,035,0.8247160612428966
CT,036,0.7990650100020472
DC,001,0.8346533388101951
DC,002,0.7754862589792374
DC,003,0.8487970669258657
DC,004,0.8486236548567743
DC,005,0.9101064693117515
DC,006,0.7200212869479828
DC,007,0.9066674999754841
DC,008,0.8792936560305693
DE,001,0.5827882156614816
DE,002,0.7972370897071647
DE,003,0.5932981461495082
DE,004,0.7693113797644308
DE,005,0.902566310651933
DE,006,0.8245559127211504
DE,007,0.8019049022511485
DE,008,0.7223466528405613
DE,009,0.7999238825329779
DE,010,0.6844818622010898
DE,011,0.875844520724644
DE,012,0.6195415068138496
DE,013,0.7148128094338537
DE,014,0.6971430167863242
DE,015,0.8090262954835544
DE,016,0.9180145626068364
DE,017,0.6567758414939717
DE,018,0.8309450450615062
DE,019,0.6276499743133334
DE,020,0.9004566153714698
DE,021,0.8920704144828112
FL,001,0.7871766947699103
FL,002,0.8007452231199823
FL,003,0.7553733480087458
FL,004,0.6945184601926295
FL,005,0.7507150302632385
FL,006,0.7772338406514648
FL,007,0.7808559021390626
FL,008,0.7280239826500564
FL,009,0.6410212892391546
FL,010,0.9197802375284331
FL,011,0.6543886796540791
FL,012,0.7390045499224482
FL,013,0.7851758923384633
FL,014,0.6436144069184913
FL,015,0.7506227422873177
FL,016,0.8380139638011834
FL,017,0.7137475740164783
FL,018,0.6852400962664331
FL,019,0.4468175734629017
FL,020,0.8294361945076459
FL,021,0.7106517341709137
FL,022,0.65633018901616
FL,023,0.6677452926697396
FL,024,0.8373719247719691
FL,025,0.891377911112436
FL,026,0.7658882717028731
FL,027,0.8937129508468841
FL,028,0.8890542656604359
FL,029,0.897478917630277
FL,030,0.8655276639595563
FL,031,0.6967438428872328
FL,032,0.8251963600968191
FL,033,0.636924215167664
FL,034,0.8346192469145217
FL,035,0.7161178163715035
FL,036,0.8324824633290986
FL,037,0.8979054726650095
FL,038,0.8726706533251112
FL,039,0.43241960727606094
FL,040,0.6881984756145828
GA,001,0.7846616338903462
GA,002,0.6953374220947713
GA,003,0.7942234807521104
GA,004,0.713527777493794
GA,005,0.6075424347268553
GA,006,0.7282108470150122
GA,007,0.6702259616327908
GA,008,0.8328422754237745
GA,009,0.6730767432281006
GA,010,0.7257757237263321
GA,011,0.7670651553696942
GA,012,0.7758858750137864
GA,013,0.6877974402924635
GA,014,0.8220619927855838
GA,015,0.8269138701658891
GA,016,0.7720914564885913
GA,017,0.6165655031599898
GA,018,0.763292537350675
GA,019,0.8020664944580811
GA,020,0.6944234450710596
GA,021,0.7043488176025483
GA,022,0.8234721584122231
GA,023,0.6900005190039875
GA,024,0.7074021726857218
GA,025,0.6922625085105024
GA,026,0.7646583760873489
GA,027,0.8659921212660123
GA,028,0.7223043788630207
GA,029,0.8137732357628459
GA,030,0.7658557974796
GA,031,0.8684344367382052
GA,032,0.7472035025772423
GA,033,0.6438448478044331
GA,034,0.7225999768448111
GA,035,0.7228576476911515
GA,036,0.7583240164439597
GA,037,0.9347049369651494
GA,038,0.7008234994088901
GA,039,0.5065585461767127
GA,040,0.7516849513002076
GA,041,0.6223305462081588
GA,042,0.7924503549835088
GA,043,0.8344767644453076
GA,044,0.6977721624076265
GA,045,0.7145673112111769
GA,046,0.7335683670772614
GA,047,0.6406700893544783
GA,048,0.7492305071173908
GA,049,0.8303196339183281
GA,050,0.6650962898410567
GA,051,0.8801588494310545
GA,052,0.7703840226052034
GA,053,0.9062065296856453
GA,054,0.7357275007549646
GA,055,0.6800472948616244
GA,056,0.6865378019819639
HI,001,0.8918673538004838
HI,002,0.7986138160895905
HI,003,0.8517395009913082
HI,004,0.7775463513998868
HI,005,0.7965929303142825
HI,006,0.7124578036891126
HI,007,0.6108975385186693
HI,008,0.5760022053110196
HI,009,0.7433264650360591
HI,010,0.7091382973291214
HI,011,0.8535220017290291
HI,012,0.8750848611411153
HI,013,0.8450636759184469
HI,014,0.8970259156777498
HI,015,0.8564317900864968
HI,016,0.7865245626463009
HI,017,0.4058248157431625
HI,018,0.767055663900719
HI,019,0.9372633093073991
HI,020,0.7470236983492275
HI,021,0.8955730607147787
HI,022,0.8343176298517864
HI,023,0.6548466859384847
HI,024,0.7052034033272803
HI,025,0.013746519648586192
IA,001,0.7283599131083704
IA,002,0.8275733562653899
IA,003,0.7559529060218149
IA,004,0.8355572018883676
IA,005,0.9453277794639167
IA,006,0.8061631434629858
IA,007,0.9244441942315191
IA,008,0.7215431925421288
IA,009,0.8331819540187466
IA,010,0.7656401737187585
IA,011,0.6985140703033547
IA,012,0.8589576398956758
IA,013,0.9807265587858647
IA,014,0.7257559231029777
IA,015,0.8137009822568824
IA,016,0.6317377331641639
IA,017,0.9291952588008349
IA,018,0.7887654151047063
IA,019,0.8222666794991866
IA,020,0.9436912928459357
IA,021,0.8194406532273266
IA,022,0.6387264227722345
IA,023,0.8635874001119841
IA,024,0.8478687216053042
IA,025,0.6713596576090664
IA,026,0.8801032330102437
IA,027,0.7485351624380181
IA,028,0.8081267794491372
IA,029,0.7507135970124353
IA,030,0.8037259070818733
IA,031,0.705154686818408
IA,032,0.8510941690815839
IA,033,0.5187469919306833
IA,034,0.6214965362709955
IA,035,0.9005033760952812
IA,036,0.8008335002441295
IA,037,0.8914472815001394
IA,038,0.834333479957035
IA,039,0.7176114867347771
IA,040,0.8143943643788444
IA,041,0.8946320623017125
IA,042,0.7241823552525692
IA,043,0.6671397367243327
IA,044,0.7320922926959572
IA,045,0.6030724406888132
IA,046,0.6038768813699263
IA,047,0.9076981095139758
IA,048,0.7747072995512105
IA,049,0.8961385121070284
IA,050,0.7127411479949554
ID,001,0.9074853077772551
ID,002,0.8170280829081944
ID,003,0.8314055019317965
ID,004,0.722519964956505
ID,005,0.9622405743105847
ID,006,0.7833009959612818
ID,007,0.7376851033268597
ID,008,0.7697979034907712
ID,009,0.8195765666146844
ID,010,0.8640078590557633
ID,011,0.6386503038419813
ID,012,0.904089186980744
ID,013,0.8366532476191334
ID,014,0.8662338328338459
ID,015,0.9017633666153345
ID,016,0.8096257360255082
ID,017,0.8631076673716455
ID,018,0.7192344990017998
ID,019,0.8933791058169624
ID,020,0.8104341110802061
ID,021,0.8943772792709751
ID,022,0.8931089225948253
ID,023,0.7422145438922768
ID,024,0.8393263110608462
ID,025,0.7368884920244073
ID,026,0.7515797361138483
ID,027,0.7888759160988295
ID,028,0.7278354818774327
ID,029,0.7734118872828408
ID,030,0.8451814804532063
ID,031,0.773432677448291
ID,032,0.7041494705162217
ID,033,0.9324735464793897
ID,034,0.7719082356715653
ID,035,0.7619394366541491
IL,001,0.5336845275156354
IL,002,0.6691756281045182
IL,003,0.424156494656129
IL,004,0.6717034455667149
IL,005,0.7296639358643912
IL,006,0.654159091731959
IL,007,0.7322504333667154
IL,008,0.7397289242871383
IL,009,0.8117711108030237
IL,010,0.6544007703755678
IL,011,0.6488187252791067
IL,012,0.4921636589105984
IL,013,0.5828209437407007
IL,014,0.6241721377400434
IL,015,0.5421092159581654
IL,016,0.5055454234193545
IL,017,0.5305130290448958
IL,018,0.6320483690904424
IL,019,0.7482765836351292
IL,020,0.7499220944045711
IL,021,0.8349741497111726
IL,022,0.5285075709018974
IL,023,0.6279510541694203
IL,024,0.6681658188306888
IL,025,0.675288200175028
IL,026,0.7397822228192261
IL,027,0.7660378271308731
IL,028,0.5649021712415784
IL,029,0.5220966301134248
IL,030,0.515953213338357
IL,031,0.749520950284276
IL,032,0.8786826951252462
IL,033,0.6857185588369955
IL,034,0.8408850333890769
IL,035,0.6254697523785685
IL,036,0.4302130815938523
IL,037,0.7427196911533436
IL,038,0.7520390752180446
IL,039,0.6110556007527851
IL,040,0.6381119053058445
IL,041,0.6493941044983151
IL,042,0.8194908153960433
IL,043,0.7905780476477249
IL,044,0.7512530675034155
IL,045,0.8297496827495233
IL,046,0.8299878449376146
IL,047,0.8254524370618288
IL,048,0.7340029780815919
IL,049,0.6571313083048901
IL,050,0.809592750373067
IL,051,0.7040258898840766
IL,052,0.6654647903685582
IL,053,0.8285681077852376
IL,054,0.8143735971506657
IL,055,0.8535090242771025
IL,056,0.62742562621604
IL,057,0.7469963791390943
IL,058,0.6139800241618656
IL,059,0.7289083165835535
IN,001,0.7540220141489886
IN,002,0.575609790949438
IN,003,0.7329753800516469
IN,004,0.8853788083546628
IN,005,0.8372819475176245
IN,006,0.8020461525547181
IN,007,0.6868698156080509
IN,008,0.8205377596803684
IN,009,0.7678247445313463
IN,010,0.7916104867400753
IN,011,0.8582913101907909
IN,012,0.8841314237776772
IN,013,0.8999375360192566
IN,014,0.9477917840111388
IN,015,0.7007238730338184
IN,016,0.8621402587622069
IN,017,0.7898218972206271
IN,018,0.7451181337508934
IN,019,0.7826700951311263
IN,020,0.8855220247096582
IN,021,0.8747565287936001
IN,022,0.8567291485929776
IN,023,0.74109460982535
IN,024,0.8619791336023792
IN,025,0.7838991400303277
IN,026,0.7659020608477657
IN,027,0.8838635330365748
IN,028,0.8010714261712373
IN,029,0.6626580597788505
IN,030,0.7261202509099446
IN,031,0.7144277722230077
IN,032,0.913129838719703
IN,033,0.8065808800879473
IN,034,0.7429534933368738
IN,035,0.7061955591754452
IN,036,0.7049787994018758
IN,037,0.8723571155072956
IN,038,0.779964313368395
IN,039,0.8769170424864573
IN,040,0.9643534361911209
IN,041,0.7509612013311618
IN,042,0.6926709468920824
IN,043,0.7788525548855985
IN,044,0.8111532893078118
IN,045,0.6424529739619593
IN,046,0.8031003202623032
IN,047,0.7687491760174878
IN,048,0.7684447719474421
IN,049,0.7079348900429272
IN,050,0.7599554636893482
KS,001,0.8568161672413332
KS,002,0.9231393020406682
KS,003,0.7264493111746958
KS,004,0.7967608185529252
KS,005,0.5768045810054873
KS,006,0.7440806465391476
KS,007,0.9328973403004295
KS,008,0.9569806996299363
KS,009,0.7931453644803942
KS,010,0.8047905805158057
KS,011,0.7453431473352468
KS,012,0.926902813238706
KS,013,0.8999198018830883
KS,014,0.8283198968883437
KS,015,0.8619519494138395
KS,016,0.6889484592044346
KS,017,0.5737005548651809
KS,018,0.7691169352848679
KS,019,0.7947584391941004
KS,020,0.7804390853965203
KS,021,0.74335579916888
KS,022,0.7470047215844509
KS,023,0.8233623962204042
KS,024,0.7339167248233275
KS,025,0.7952668067111555
KS,026,0.7697992586738773
KS,027,0.819534923061593
KS,028,0.7771906813966541
KS,029,0.8306950135431335
KS,030,0.7979673681406134
KS,031,0.9028425416796129
KS,032,0.9354988651097212
KS,033,0.7735924371878254
KS,034,0.9729334716689563
KS,035,0.8438916332613676
KS,036,0.8415359918049504
KS,037,0.8939377620160823
KS,038,0.8800871261738098
KS,039,0.8369445841561931
KS,040,0.932914812182026
KY,001,0.6936932870926972
KY,002,0.7536430955899341
KY,003,0.8913691713784831
KY,004,0.6992224361837206
KY,005,0.7028648063983064
KY,006,0.7776418381539977
KY,007,0.6229028345558801
KY,008,0.6806136070862582
KY,009,0.6864249102277851
KY,010,0.7264318744827638
KY,011,0.9003191362348807
KY,012,0.5240604232147996
KY,013,0.653922968129882
KY,014,0.5983093646325836
KY,015,0.7233588662051742
KY,016,0.7024031105950354
KY,017,0.6423257543675825
KY,018,0.8216721737819139
KY,019,0.525972141446504
KY,020,0.6826649093536733
KY,021,0.6497702112433862
KY,022,0.6477778467485809
KY,023,0.6914824500818441
KY,024,0.7279137002980539
KY,025,0.6491427461805731
KY,026,0.7823846026735645
KY,027,0.6886924848399866
KY,028,0.6678123483547672
KY,029,0.6862992609565621
KY,030,0.6104917056453548
KY,031,0.5493008890981554
KY,032,0.9154537825765424
KY,033,0.5948578126157282
KY,034,0.7253303884677486
KY,035,0.5185014051503429
KY,036,0.7956373697391974
KY,037,0.6336846491168288
KY,038,0.8172477871314779
LA,001,0.6698994813791237
LA,002,0.47238946451368863
LA,003,0.4260342644939523
LA,004,0.5214264047043944
LA,005,0.624540884198216
LA,006,0.3615698072403656
LA,007,0.6765451245809926
LA,008,0.5745386047164501
LA,009,0.6642484987163083
LA,010,0.7555536694671824
LA,011,0.656458859767324
LA,012,0.8902122878010342
LA,013,0.7939286894332636
LA,014,0.5429597731011979
LA,015,0.628337646550532
LA,016,0.8005220695702596
LA,017,0.5280063626289833
LA,018,0.7094260619517693
LA,019,0.6638892949763477
LA,020,0.8113391037086388
LA,021,0.5980294084269862
LA,022,0.6078732477677228
LA,023,0.8810856443574959
LA,024,0.4797660082335149
LA,025,0.7052181826981255
LA,026,0.7343685199007416
LA,027,0.67838519510876
LA,028,0.7020626693618713
LA,029,0.3601179872948932
LA,030,0.8443352555130447
LA,031,0.6275297183853741
LA,032,0.6466825530126522
LA,033,0.8735178720163063
LA,034,0.5376644693962891
LA,035,0.5514076000635545
LA,036,0.7828937363053794
LA,037,0.7235847154990891
LA,038,0.8617624201697328
LA,039,0.8665235117044081
MA,001,0.5602491894712126
MA,002,0.7342432437384752
MA,003,0.6683805398599435
MA,004,0.9306643544786836
MA,005,0.7288312926392835
MA,006,0.7420096015720018
MA,007,0.7791955833129454
MA,008,0.7722173430558267
MA,009,0.7040643613302542
MA,010,0.6793123389328948
MA,011,0.6900670340807471
MA,012,0.7502031739419218
MA,013,0.7838454042259271
MA,014,0.6379388152815333
MA,015,0.6612721958821582
MA,016,0.6553570604049722
MA,017,0.5162342015566415
MA,018,0.7034196001246781
MA,019,0.5742312261087419
MA,020,0.7165132146985221
MA,021,0.6832208954593545
MA,022,0.7309810104466308
MA,023,0.7196508968637443
MA,024,0.7044819552500237
MA,025,0.6738813411633916
MA,026,0.6235958712076313
MA,027,0.5761441750432595
MA,028,0.5141706091261581
MA,029,0.7034904545931882
MA,030,0.7527817594805487
MA,031,0.6535712333613531
MA,032,0.6179059940401226
MA,033,0.5536226980869969
MA,034,0.6152413167861722
MA,035,0.6128646268373592
MA,036,0.6520401934102071
MA,037,0.4995805282254858
MA,038,0.9155773132427417
MA,039,0.5825602938141706
MA,040,0.6774565301255352
MD,001,0.587736619139762
MD,002,0.7629535585466014
MD,003,0.8092346733645988
MD,004,0.6757328705781572
MD,005,0.8313016716285386
MD,006,0.6242036912375454
MD,007,0.6879044454136575
MD,008,0.6656739466779281
MD,009,0.7001817650509649
MD,010,0.7302415034547296
MD,011,0.7635401533767299
MD,012,0.5486328120549855
MD,013,0.7210154807713945
MD,014,0.6525472329889584
MD,015,0.7862610879293814
MD,016,0.7409786696863766
MD,017,0.7126571693693589
MD,018,0.8303275862456994
MD,019,0.695854300837803
MD,020,0.7583901481043265
MD,021,0.554093628393238
MD,022,0.6534197647157377
MD,023,0.5513633284611074
MD,024,0.5500249954231358
MD,025,0.652719787537921
MD,026,0.7018932552778212
MD,027,0.7354424615488786
MD,028,0.7195840113953214
MD,029,0.6612552565621493
MD,030,0.6647949833651464
MD,031,0.6584615762286391
MD,032,0.7498727851219227
MD,033,0.624896788902203
MD,034,0.6295899383929201
MD,035,0.8410693645068892
MD,036,0.7394443539595967
MD,037,0.6436402892187165
MD,038,0.6716397989241143
MD,039,0.6028228742598291
MD,040,0.6262623855783545
MD,041,0.7509222058864893
MD,042,0.7625248537160831
MD,043,0.8161488331168839
MD,044,0.49653012831920934
MD,045,0.7687846406265672
MD,046,0.6011253673148083
MD,047,0.4792289503497928
ME,001,0.8377092412211384
ME,002,0.8175786287475152
ME,003,0.6947374724302375
ME,004,0.8214011648547426
ME,005,0.6037311768712215
ME,006,0.7988449590713466
ME,007,0.8096470340551714
ME,008,0.5915917614682589
ME,009,0.936992967818593
ME,010,0.8725165185940458
ME,011,0.7915892645913705
ME,012,0.8184744831633559
ME,013,0.7911595573733452
ME,014,0.7986440305606619
ME,015,0.7728634244769431
ME,016,0.8494505420644679
ME,017,0.7445849160979922
ME,018,0.7048537591677944
ME,019,0.7464859586180626
ME,020,0.9198715333539066
ME,021,0.9359118798189578
ME,022,0.6099970029819832
ME,023,0.7363424360469741
ME,024,0.7449086705215391
ME,025,0.5969200130281963
ME,026,0.6346907548277615
ME,027,0.49498213013183073
ME,028,0.8017354333495919
ME,029,0.8035414147451482
ME,030,0.7593720214651499
ME,031,0.5951899379515717
ME,032,0.671583031273265
ME,033,0.7604114420652108
ME,034,0.6455673411018394
ME,035,0.7718756855187102
MI,001,0.471873880730198
MI,002,0.6142685440093577
MI,003,0.7190564570062788
MI,004,0.4412634949636805
MI,005,0.5248695344832044
MI,006,0.6687887187849723
MI,007,0.8239993175702433
MI,008,0.6016221007283792
MI,009,0.8462215657181119
MI,010,0.7648325434857102
MI,011,0.7859074981868124
MI,012,0.7008683881965377
MI,013,0.7955302497196537
MI,014,0.6627329982209182
MI,015,0.7995391245899192
MI,016,0.7646182356045659
MI,017,0.9851060539747857
MI,018,0.8936607748464656
MI,019,0.7181838662059999
MI,020,0.9977713332180411
MI,021,0.899247404676517
MI,022,0.9311336584341312
MI,023,0.8662202296619103
MI,024,0.7795243297995342
MI,025,0.8158305473733402
MI,026,0.7741040624906179
MI,027,0.8603276316825039
MI,028,0.7455665528965604
MI,029,0.7896510744179731
MI,030,0.8959466451706268
MI,031,0.7488479110045927
MI,032,0.6810808897104302
MI,033,0.8221921261690509
MI,034,0.9783965671041189
MI,035,0.7757160470011569
MI,036,0.7505814415113979
MI,037,0.8004688308824507
MI,038,0.8927689113306988
MN,001,0.8746065120229483
MN,002,0.7889231875459966
MN,003,0.6481367446562725
MN,004,0.7846310198990352
MN,005,0.7546832276736458
MN,006,0.8291863899384653
MN,007,0.7372076529635461
MN,008,0.859788768356806
MN,009,0.840806164775882
MN,010,0.8867149598930595
MN,011,0.8306675317270842
MN,012,0.6367690916795511
MN,013,0.7106458160899997
MN,014,0.8356643723615435
MN,015,0.6718617176016983
MN,016,0.7919485768836712
MN,017,0.8797370976698442
MN,018,0.8070738187911156
MN,019,0.8498651427741389
MN,020,0.8230984060271475
MN,021,0.7036991562364722
MN,022,0.8836712061649095
MN,023,0.8171001252163288
MN,024,0.836656329249388
MN,025,0.7954108573562698
MN,026,0.8178367910025957
MN,027,0.9184746194278851
MN,028,0.8999457285716546
MN,029,0.8427597075878004
MN,030,0.7924273516096982
MN,031,0.8189121876564351
MN,032,0.7778359407656591
MN,033,0.8696669459418856
MN,034,0.7672133358226195
MN,035,0.8559713271232743
MN,036,0.8262398480152953
MN,037,0.8986507825971626
MN,038,0.8568801133345059
MN,039,0.6395785543268404
MN,040,0.8458398766153035
MN,041,0.7633091758995301
MN,042,0.7501823592232959
MN,043,0.6983435097252857
MN,044,0.7683270305037863
MN,045,0.8607135988378765
MN,046,0.6612275408808992
MN,047,0.8478053519142835
MN,048,0.8209908884743627
MN,049,0.8232829592737511
MN,050,0.8164188366794034
MN,051,0.7715013030616121
MN,052,0.7719128875423557
MN,053,0.8675161976107092
MN,054,0.732621392164767
MN,055,0.8767582059497523
MN,056,0.7767725656476917
MN,057,0.8298018347917046
MN,058,0.773473236924505
MN,059,0.6858023377506889
MN,060,0.8625004183641594
MN,061,0.7404362482792168
MN,062,0.8873971004446681
MN,063,0.7734261988386133
MN,064,0.7360568221520599
MN,065,0.7034249771393454
MN,066,0.7723462631382666
MN,067,0.8721571487960731
MO,001,0.6876065028341032
MO,002,0.8947092926517377
MO,003,0.8067464093465174
MO,004,0.48850418438057913
MO,005,0.8135263886014785
MO,006,0.7833172915350566
MO,007,0.6221853510123314
MO,008,0.9314113028140787
MO,009,0.7855871265240776
MO,010,0.7002016421767112
MO,011,0.7097258734904849
MO,012,0.7510611293577557
MO,013,0.7647939258023277
MO,014,0.6903102643164143
MO,015,0.7086856695328017
MO,016,0.7111435710034426
MO,017,0.8482525142214616
MO,018,0.7206538454371116
MO,019,0.7337648635425938
MO,020,0.7891591294298061
MO,021,0.7305713172031472
MO,022,0.8508273447749295
MO,023,0.5675042593162938
MO,024,0.8630198369705273
MO,025,0.559084794273116
MO,026,0.7634438165684904
MO,027,0.7960145040378837
MO,028,0.6753239116515807
MO,029,0.7319605174042417
MO,030,0.7261843459573682
MO,031,0.7604761483650154
MO,032,0.7229691416431043
MO,033,0.7855850378198985
MO,034,0.9261334573191164
MS,001,0.7431894993937275
MS,002,0.9145528120067737
MS,003,0.7202406156222063
MS,004,0.8647067709133127
MS,005,0.7690269230522265
MS,006,0.8119852859083911
MS,007,0.7090808160505238
MS,008,0.7378887417978058
MS,009,0.8448511527434186
MS,010,0.7361115870934759
MS,011,0.6864465432683906
MS,012,0.5298151373602167
MS,013,0.6266059497369819
MS,014,0.636861011188994
MS,015,0.7387830764257417
MS,016,0.6367046194476659
MS,017,0.7947937041641037
MS,018,0.8171271297560473
MS,019,0.7906711066835042
MS,020,0.8509383731616802
MS,021,0.6969791797911706
MS,022,0.5447254345526332
MS,023,0.5297832292249656
MS,024,0.5506791178132219
MS,025,0.6017753916634297
MS,026,0.6470509997551046
MS,027,0.5943991136960609
MS,028,0.7173348498474876
MS,029,0.6788358587042906
MS,030,0.7178249885869492
MS,031,0.8462355883742259
MS,032,0.6915445953034165
MS,033,0.9082696627348926
MS,034,0.6605991758065481
MS,035,0.8539556554797574
MS,036,0.784975317319619
MS,037,0.6859710471912428
MS,038,0.5084332662199683
MS,039,0.7209042014443214
MS,040,0.6639997541509219
MS,041,0.7394429898121468
MS,042,0.8527913275666791
MS,043,0.9092607347571564
MS,044,0.881275651218225
MS,045,0.9064262056112269
MS,046,0.834051827099165
MS,047,0.5215424058532668
MS,048,0.6897202554483801
MS,049,0.5874487901262211
MS,050,0.6584947671722219
MS,051,0.7029822654587649
MS,052,0.7982103167592881
MT,001,0.8832660761993175
MT,002,0.792233695350908
MT,003,0.8855004851117024
MT,004,0.8309339392371661
MT,005,0.6944065052036796
MT,006,0.7528171455951114
MT,007,0.746154713630506
MT,008,0.6598632040730342
MT,009,0.8264676524345612
MT,010,0.7979809048637619
MT,011,0.7301349465826334
MT,012,0.690383628144687
MT,013,0.824547671511049
MT,014,0.8705736201546893
MT,015,0.8081135283091125
MT,016,0.7112407227187818
MT,017,0.8489915958874417
MT,018,0.9317143458433329
MT,019,0.6430234851983972
MT,020,0.7951336909465461
MT,021,0.8950532118391443
MT,022,0.7046641403773798
MT,023,0.5577627483555124
MT,024,0.833879344896211
MT,025,0.7272578577555783
MT,026,0.8011945163695972
MT,027,0.8020964008360802
MT,028,0.6609415173136605
MT,029,0.7638981800887472
MT,030,0.7926457236259933
MT,031,0.8587416825988535
MT,032,0.803395843910008
MT,033,0.8554431587598111
MT,034,0.85068134239418
MT,035,0.8059762712411428
MT,036,0.8727088566693461
MT,037,0.8809305401300653
MT,038,0.8588672305129191
MT,039,0.7970564916962777
MT,040,0.6504444255806093
MT,041,0.7168714126375386
MT,042,0.8212837758804171
MT,043,0.8144586426845792
MT,044,0.8429224226250371
MT,045,0.8089503452026126
MT,046,0.733016492448709
MT,047,0.5649023380316623
MT,048,0.7144031790146439
MT,049,0.8083080457670696
MT,050,0.636308016089256
NC,001,0.6709258399813857
NC,002,0.7634786235982043
NC,003,0.6671735110143676
NC,004,0.5938870435768986
NC,005,0.5631687817282727
NC,006,0.8841171883187565
NC,007,0.552933423552486
NC,008,0.6375297657022124
NC,009,0.7152532626596654
NC,010,0.7381064338342826
NC,011,0.7100203187719901
NC,012,0.8270538066319164
NC,013,0.7425599181424242
NC,014,0.5569906656447072
NC,015,0.7376601412295447
NC,016,0.6460465537790724
NC,017,0.8429308184427851
NC,018,0.733590554192551
NC,019,0.6755327601251652
NC,020,0.670322782741924
NC,021,0.6708763270803995
NC,022,0.638010834709235
NC,023,0.7279032872962258
NC,024,0.6499705913706895
NC,025,0.6650754734833828
NC,026,0.9104785159913613
NC,027,0.7159794280642956
NC,028,0.49263871360165523
NC,029,0.6447137280574625
NC,030,0.7765130735516345
NC,031,0.7322824644696485
NC,032,0.55864345146544
NC,033,0.6253546268026836
NC,034,0.8052982409868967
NC,035,0.914988474501354
NC,036,0.7476159492320218
NC,037,0.5401678627548641
NC,038,0.6994161042036005
NC,039,0.8328737684994875
NC,040,0.6881273722190977
NC,041,0.4063668348159949
NC,042,0.7954490911380778
NC,043,0.8419246249424581
NC,044,0.515305788002908
NC,045,0.6853657130192271
NC,046,0.6443408014211746
NC,047,0.6667667635401128
NC,048,0.8482601333628541
NC,049,0.7791053672503554
NC,050,0.9094045993936553
ND,001,0.9044856778481382
ND,002,0.910316734190844
ND,003,0.9619948080696286
ND,004,0.7478762363898177
ND,005,0.8603916682270656
ND,006,0.8174108106657754
ND,007,0.6242243421822822
ND,008,0.6916985344800545
ND,009,0.9736900989540848
ND,010,0.8263463992939403
ND,011,0.7887704061045623
ND,012,0.6691178346859715
ND,013,0.7698372154190843
ND,014,0.7733590172252074
ND,015,0.7547661585718898
ND,016,0.6157002820586729
ND,017,0.8706023155053472
ND,018,0.7864482625155568
ND,019,0.8145412432873717
ND,020,0.9244788076092418
ND,021,0.8091074277252565
ND,022,0.7986971217631821
ND,023,0.7540347262282786
ND,024,0.7830667973043582
ND,025,0.7473647797278067
ND,026,0.8691296327512295
ND,027,0.7722606464686192
ND,028,0.856003675120014
ND,029,0.7977718712596704
ND,030,0.7266022964921529
ND,031,0.8341763333346256
ND,032,0.7376025227844243
ND,033,0.7620554374660202
ND,034,0.5177624885665787
ND,035,0.7696811338243015
ND,036,0.747332608252103
ND,037,0.8441459942305657
ND,038,0.8998810793727323
ND,039,0.6796783196923635
ND,040,0.8655552636014465
ND,041,0.8570652245990033
ND,042,0.9671771750554623
ND,043,0.9163905065323309
ND,044,0.6842065443738213
ND,045,0.801125979847885
ND,046,0.6877112713333541
ND,047,0.8869748588426015
NE,001,0.9342433408134515
NE,002,0.7833244605808177
NE,003,0.8098569514058371
NE,004,0.8108326381242513
NE,005,0.8438742760517157
NE,006,0.9027881163954776
NE,007,0.8095026981116976
NE,008,0.8266549668159799
NE,009,0.7771777492752252
NE,010,0.74909495765825
NE,011,0.8682137519049752
NE,012,0.884368158011366
NE,013,0.6847128437787412
NE,014,0.9261159618099708
NE,015,0.88552630187231
NE,016,0.7469804788505728
NE,017,0.7082759689727749
NE,018,0.8302850414501087
NE,019,0.9184110984018151
NE,020,0.8592963186018221
NE,021,0.9168723810919482
NE,022,0.745037300907837
NE,023,0.8192248044138726
NE,024,0.8424384930255691
NE,025,0.8190618956570982
NE,026,0.91057762745876
NE,027,0.6088666790597324
NE,028,0.7831287048318084
NE,029,0.8918837941812109
NE,030,0.889283659352923
NE,031,0.9287487362688404
NE,032,0.8615886964986628
NE,033,0.8851428577259364
NE,034,0.7735209085646039
NE,035,0.823997453026904
NE,036,0.8144799012727807
NE,037,0.9361169928624337
NE,038,0.717445217149735
NE,039,0.8594931811424562
NE,040,0.7814856655782413
NE,041,0.7982031848200367
NE,042,0.9899484327566341
NE,043,0.8373548045364558
NE,044,0.8689286641179594
NE,045,0.7264605042796634
NE,046,0.7983984577257357
NE,047,0.7793839960648085
NE,048,0.9946878436893525
NE,049,0.8554579469845639
NH,001,0.7687691055458968
NH,002,0.7058284249124436
NH,003,0.8312613740795581
NH,004,0.6596564906467326
NH,005,0.7013430327039091
NH,006,0.7021182484671303
NH,007,0.7562529141642579
NH,008,0.7432195392223057
NH,009,0.6855539203545569
NH,010,0.758314243178275
NH,011,0.693031173987788
NH,012,0.8868138415970079
NH,013,0.7600874254684179
NH,014,0.7304009491907878
NH,015,0.6734190990562074
NH,016,0.7477811027126238
NH,017,0.7490121313804209
NH,018,0.5670752310751179
NH,019,0.766861493505959
NH,020,0.7200163052172383
NH,021,0.7758873256705144
NH,022,0.6147368425841376
NH,023,0.7401418568071891
NH,024,0.7081387072315668
NJ,001,0.8173003846687514
NJ,002,0.6919917232090614
NJ,003,0.7480717268778305
NJ,004,0.8622492050463071
NJ,005,0.5978414700643149
NJ,006,0.725343531317661
NJ,007,0.640275846186482
NJ,008,0.6679688075981642
NJ,009,0.6924673850587392
NJ,010,0.6566869689919872
NJ,011,0.6242997098829145
NJ,012,0.6671028810033666
NJ,013,0.6723049980238288
NJ,014,0.6208750632499302
NJ,015,0.7546146171630134
NJ,016,0.6355681747337151
NJ,017,0.7142577227215237
NJ,018,0.6837631684896412
NJ,019,0.6745858997401073
NJ,020,0.7519152960827504
NJ,021,0.6560586651848054
NJ,022,0.5320345519260546
NJ,023,0.5990942400338629
NJ,024,0.818513044958508
NJ,025,0.6859847478086614
NJ,026,0.6829105520757103
NJ,027,0.7210388130546939
NJ,028,0.5380042402589752
NJ,029,0.7142649523460997
NJ,030,0.7496384527542124
NJ,031,0.8312257190854472
NJ,032,0.6012245503017337
NJ,033,0.777082580669595
NJ,034,0.5433453956664778
NJ,035,0.690028778207485
NJ,036,0.6775094655224917
NJ,037,0.6597490140556529
NJ,038,0.6657045709100644
NJ,039,0.7266089431921366
NJ,040,0.6590555292008066
NM,001,0.8072591882349902
NM,002,0.781453670604978
NM,003,0.7195142803309145
NM,004,0.5008258506408503
NM,005,0.7908484558174631
NM,006,0.6134844384544115
NM,007,0.7068191287647912
NM,008,0.7881590593298924
NM,009,0.7724368487250898
NM,010,0.6123329479690687
NM,011,0.7605134130188248
NM,012,0.7222729449916747
NM,013,0.7115469754766817
NM,014,0.8647467832603019
NM,015,0.7197726816485672
NM,016,0.6208740405184943
NM,017,0.7100767266119934
NM,018,0.8173321614484044
NM,019,0.7224946963143898
NM,020,0.7818610997058906
NM,021,0.8958846363436281
NM,022,0.733482332545753
NM,023,0.9314196524755025
NM,024,0.7622443522146747
NM,025,0.6925786449739335
NM,026,0.7230801822032253
NM,027,0.891612308882134
NM,028,0.7126157652833727
NM,029,0.6987890613099852
NM,030,0.6242916281008255
NM,031,0.4470163286011396
NM,032,0.607145237316286
NM,033,0.5954436784333703
NM,034,0.807872783925023
NM,035,0.6512134541150241
NM,036,0.5947863303052704
NM,037,0.8766335967049006
NM,038,0.8050547794602904
NM,039,0.6472507255376889
NM,040,0.6600737163448394
NM,041,0.7594739330500966
NM,042,0.6306798650817272
NV,001,0.8584723412602747
NV,002,0.8114113569397402
NV,003,0.7297774548399555
NV,004,0.8302397671075846
NV,005,0.6458359721123306
NV,006,0.7682033611522414
NV,007,0.7553008624709007
NV,008,0.7558318847695286
NV,009,0.7794655556688004
NV,010,0.720354847177506
NV,011,0.8873614032850585
NV,012,0.6214228418765891
NV,013,0.7120450409488062
NV,014,0.7864785960049854
NV,015,0.793796246846563
NV,016,0.762716963770496
NV,017,0.7831002347341411
NV,018,0.8269784879502587
NV,019,0.9113698216308459
NV,020,0.6238798349472384
NV,021,0.8440107075570621
NY,001,0.9473257630214862
NY,002,0.6876053195405294
NY,003,0.7727284004327267
NY,004,0.7220530627173616
NY,005,0.9321389402191362
NY,006,0.6832572519648459
NY,007,0.6299806807795719
NY,008,0.7367848995646733
NY,009,0.7810843103339266
NY,010,0.7086293671705411
NY,011,0.6593607367709173
NY,012,0.4327939112736335
NY,013,0.8040767313188589
NY,014,0.6526636784703681
NY,015,0.41901379865312327
NY,016,0.4270843895071726
NY,017,0.6297318408452092
NY,018,0.5496991355971581
NY,019,0.7135069204478917
NY,020,0.42855626108941985
NY,021,0.6799335147225736
NY,022,0.6097766966433366
NY,023,0.5316646883261075
NY,024,0.8743338100721402
NY,025,0.6235704110490474
NY,026,0.6227901709294432
NY,027,0.6661933634812952
NY,028,0.6673657653367394
NY,029,0.5092353994288648
NY,030,0.6826401416074317
NY,031,0.6305958503419182
NY,032,0.5632552754966412
NY,033,0.6081725453500025
NY,034,0.5380515303670379
NY,035,0.631330500661573
NY,036,0.7224980920158525
NY,037,0.5449512964455465
NY,038,0.8370647451396729
NY,039,0.7012276466129556
NY,040,0.5895771657963298
NY,041,0.8057340186768736
NY,042,0.6509384262062814
NY,043,0.6874103695594165
NY,044,0.7150946638110978
NY,045,0.7953251545368007
NY,046,0.6166865241600382
NY,047,0.6332977532923362
NY,048,0.7870406442988376
NY,049,0.7848642519600876
NY,050,0.7393859950985439
NY,051,0.4829550653064722
NY,052,0.7288224151029715
NY,053,0.6972292345248116
NY,054,0.8148592805045748
NY,055,0.6591439806820948
NY,056,0.8309908378065821
NY,057,0.7267091307103075
NY,058,0.9053281407080406
NY,059,0.6713655383460689
NY,060,0.5254913411673718
NY,061,0.8058078968021287
NY,062,0.8374034823502093
NY,063,0.7437855548964997
OH,001,0.7251530798449863
OH,002,0.4981706573006554
OH,003,0.5767624178364171
OH,004,0.9232945680458476
OH,005,0.8399886971621967
OH,006,0.5721729877765307
OH,007,0.6462687711400733
OH,008,0.6646698414705352
OH,009,0.7895267627391491
OH,010,0.8347759631956454
OH,011,0.5154822043290463
OH,012,0.7612834583757957
OH,013,0.8030937711598576
OH,014,0.6981756371074251
OH,015,0.6367332001109827
OH,016,0.7684496762053412
OH,017,0.681198441209348
OH,018,0.7862716475541196
OH,019,0.6375784096743037
OH,020,0.6851796538274757
OH,021,0.7058679684819588
OH,022,0.6620013365855244
OH,023,0.755502481627835
OH,024,0.44848287056924135
OH,025,0.46348409189635426
OH,026,0.8027428691330047
OH,027,0.667896072072954
OH,028,0.77047810144682
OH,029,0.905308069412803
OH,030,0.632677519034136
OH,031,0.6003079708278349
OH,032,0.8812105218018036
OH,033,0.9355822370163077
OK,001,0.8958423971821661
OK,002,0.8064674751278319
OK,003,0.5721824663498597
OK,004,0.8464469073907513
OK,005,0.8001875244215498
OK,006,0.7476096127634481
OK,007,0.7555497773895014
OK,008,0.6879963285727998
OK,009,0.7044822908595094
OK,010,0.8465586510246058
OK,011,0.8632410554227219
OK,012,0.8542787738941822
OK,013,0.796784483645807
OK,014,0.7895788599142153
OK,015,0.7209017139212957
OK,016,0.7228751510699919
OK,017,0.5196992563625765
OK,018,0.7010738933345788
OK,019,0.8571974212283537
OK,020,0.6033311851091829
OK,021,0.8925762770209437
OK,022,0.6322505182597278
OK,023,0.8303460535706342
OK,024,0.9202134506696206
OK,025,0.6175418135141779
OK,026,0.573206281365689
OK,027,0.730895888467546
OK,028,0.8188838514239993
OK,029,0.899515029512142
OK,030,0.48166265014428444
OK,031,0.6792741265171826
OK,032,0.9019176596451379
OK,033,0.4964491684243855
OK,034,0.7762298000896357
OK,035,0.6479723949321486
OK,036,0.8457507837345898
OK,037,0.6556696023967522
OK,038,0.8238859002990835
OK,039,0.6245736102964078
OK,040,0.770816534935025
OK,041,0.9239272876076774
OK,042,0.9133795860278283
OK,043,0.553621649152262
OK,044,0.6743246946359925
OK,045,0.4706258513154937
OK,046,0.6172395054297408
OK,047,0.6528973531669751
OK,048,0.7568416852512331
OR,001,0.8607639328047554
OR,002,0.7555910910893068
OR,003,0.8746857424157146
OR,004,0.7898495567015136
OR,005,0.6708771170282363
OR,006,0.849748345522146
OR,007,0.6440904809577642
OR,008,0.812566905905888
OR,009,0.8766351407205122
OR,010,0.7540872007965846
OR,011,0.572992070291861
OR,012,0.6045490213988346
OR,013,0.6525260113484663
OR,014,0.6581809726869973
OR,015,0.7703559542250331
OR,016,0.8657175636508372
OR,017,0.7366536873517006
OR,018,0.6288548376212804
OR,019,0.7600563932311019
OR,020,0.7461045530329508
OR,021,0.8451798232853128
OR,022,0.7949852118777082
OR,023,0.7333444292924377
OR,024,0.6518224350759709
OR,025,0.7085130583763519
OR,026,0.8254631288010668
OR,027,0.7513317965734546
OR,028,0.8525499208749612
OR,029,0.8867277190259426
OR,030,0.6822942766372988
PA,001,0.6146469709692599
PA,002,0.6109277397223469
PA,003,0.4830555303802649
PA,004,0.8168339949683188
PA,005,0.7115351270961953
PA,006,0.6987697232355568
PA,007,0.4890021197915609
PA,008,0.7010621146820046
PA,009,0.6908077636807494
PA,010,0.7235241250965719
PA,011,0.6991793324730936
PA,012,0.6964440529831184
PA,013,0.8490896740452739
PA,014,0.7064597722986891
PA,015,0.7632181653600548
PA,016,0.8490637362288747
PA,017,0.6768062516029612
PA,018,0.5718648396067704
PA,019,0.5995843149098569
PA,020,0.6332835373709363
PA,021,0.7347918922094929
PA,022,0.6882573551638234
PA,023,0.7037874376823721
PA,024,0.5376472739929717
PA,025,0.7577144073677715
PA,026,0.6145565451895743
PA,027,0.7363438910582739
PA,028,0.8482525163898565
PA,029,0.8476453823596639
PA,030,0.5815930253681989
PA,031,0.6673385064554578
PA,032,0.8088396582559401
PA,033,0.8366177722239597
PA,034,0.6895321318685008
PA,035,0.6483301395638076
PA,036,0.828034104054761
PA,037,0.7137985997184605
PA,038,0.8786460419197277
PA,039,0.8102422270786739
PA,040,0.7509613218884283
PA,041,0.7587455706137733
PA,042,0.5949754699639059
PA,043,0.731068583039219
PA,044,0.7009198538513292
PA,045,0.5146874506476177
PA,046,0.806597846434288
PA,047,0.9389928243053957
PA,048,0.5921593205020832
PA,049,0.8954948255528928
PA,050,0.8133354115911249
PR,001,0.6630440841330877
PR,002,0.7317719541902494
PR,003,0.7396515876580274
PR,004,0.3108492731597083
PR,005,0.7222712271474432
PR,006,0.8232375335502892
PR,007,0.8287319202339969
PR,008,0.3672449778385018
RI,001,0.6981589344206329
RI,002,0.8157445812482667
RI,003,0.909580772453778
RI,004,0.7622708109868049
RI,005,0.6613524336812548
RI,006,0.5727623994376762
RI,007,0.6140110673473593
RI,008,0.7036879656389073
RI,009,0.8027313013256371
RI,010,0.6041500556933501
RI,011,0.6808409828050326
RI,012,0.7293805897148556
RI,013,0.735521569305137
RI,014,0.7168882872730741
RI,015,0.7670508349987983
RI,016,0.915891883494133
RI,017,0.6776850803188795
RI,018,0.4376646502611966
RI,019,0.763430209049926
RI,020,0.810956304118754
RI,021,0.8815378420977077
RI,022,0.8404022324745642
RI,023,0.9126823386756119
RI,024,0.8321057476047128
RI,025,0.9342233362207298
RI,026,0.8153871802776166
RI,027,0.7729533604424978
RI,028,0.53075807409425
RI,029,0.8719679638306755
RI,030,0.6164426606206921
RI,031,0.5724630234139613
RI,032,0.7911217193655546
RI,033,0.7358969970742537
RI,034,0.8153267561208917
RI,035,0.42935258894812256
RI,036,0.8147872084163595
RI,037,0.6088635233773708
RI,038,0.7074926847421048
SC,001,0.853748479457226
SC,002,0.8904520120881617
SC,003,0.8720842076437207
SC,004,0.513268358794989
SC,005,0.7724850296779303
SC,006,0.7615465635452394
SC,007,0.7003993185686547
SC,008,0.6072027644863821
SC,009,0.8151897663736585
SC,010,0.7776459246088554
SC,011,0.690027745025702
SC,012,0.8192349134781047
SC,013,0.7296613074849697
SC,014,0.7382233591745334
SC,015,0.6179522370158141
SC,016,0.5908114903453329
SC,017,0.8109222769933866
SC,018,0.7109373296808633
SC,019,0.806359532967276
SC,020,0.5719160157631147
SC,021,0.8355166202291062
SC,022,0.5094947849128552
SC,023,0.7079556511129899
SC,024,0.768996591182989
SC,025,0.5713501969131826
SC,026,0.46368649843975257
SC,027,0.7808393501554538
SC,028,0.6703417746346385
SC,029,0.6622240279512034
SC,030,0.6230592338906313
SC,031,0.6185489904536677
SC,032,0.8024142540106548
SC,033,0.7219584757771379
SC,034,0.6240716026319483
SC,035,0.5738527459212375
SC,036,0.7261772371887049
SC,037,0.78211538691642
SC,038,0.6660142847420211
SC,039,0.7516330694974896
SC,040,0.7010038076623332
SC,041,0.7228627478795723
SC,042,0.6491894202589544
SC,043,0.6383051858490855
SC,044,0.645713272146825
SC,045,0.5650044382539484
SC,046,0.7026124586308855
SD,001,0.7367154006772673
SD,002,0.7063992743451404
SD,003,0.8793821521102066
SD,004,0.747170513204452
SD,005,0.984281819597259
SD,006,0.807544366587861
SD,007,0.9041898367737142
SD,008,0.9952797118009872
SD,009,0.8220709634031951
SD,010,0.771996969702527
SD,011,0.8893990240182127
SD,012,0.7402032609959016
SD,013,0.8419227118787521
SD,014,0.6932845486257035
SD,015,0.7172683389668463
SD,016,0.6932281334803155
SD,017,0.800877314456818
SD,018,0.9297507553149185
SD,019,0.7050690963454601
SD,020,0.8426641360325823
SD,021,0.739376733269699
SD,022,0.9493097058191301
SD,023,0.7340042355343319
SD,024,0.9181506235040696
SD,025,0.7289544735754147
SD,026,0.7732383571216227
SD,027,0.893982664850833
SD,028,0.8249457152126293
SD,029,0.8534667898645816
SD,030,0.7614185727857986
SD,031,0.911608309420227
SD,032,0.7931698354939707
SD,033,0.7132505982386131
SD,034,0.5708178103399364
SD,035,0.6556948107051292
TN,001,0.6937752223538576
TN,002,0.7986294810633446
TN,003,0.7718089578229783
TN,004,0.793405342620593
TN,005,0.5350822703629703
TN,006,0.6709792912118773
TN,007,0.5692562600920802
TN,008,0.7781610534443423
TN,009,0.7872201884802246
TN,010,0.5079940669429691
TN,011,0.8494980146151903
TN,012,0.6716266388957769
TN,013,0.7492775328305628
TN,014,0.8033541387437089
TN,015,0.7997811599651573
TN,016,0.8769993277686567
TN,017,0.6087450752885839
TN,018,0.6222871919790709
TN,019,0.5844906099070902
TN,020,0.5208527088692089
TN,021,0.43164647600064
TN,022,0.8703193254586646
TN,023,0.9182444338211703
TN,024,0.9059760317633694
TN,025,0.7217821951625222
TN,026,0.8079589993050712
TN,027,0.5462684594693349
TN,028,0.8399089188973354
TN,029,0.5828265052144843
TN,030,0.6190866334295371
TN,031,0.750493496041785
TN,032,0.5825529546903325
TN,033,0.8329508699506084
TX,001,0.8406981185968031
TX,002,0.7493961990815586
TX,003,0.7488203671392145
TX,004,0.5525989061666341
TX,005,0.6686250331668736
TX,006,0.5155084712777855
TX,007,0.6256030304699867
TX,008,0.8124469054336213
TX,009,0.6513287296856554
TX,010,0.6639483654813989
TX,011,0.7411740510180236
TX,012,0.6575661473952115
TX,013,0.5293039504889365
TX,014,0.8014792017226663
TX,015,0.5101583410473538
TX,016,0.7318710473928154
TX,017,0.5622830171098592
TX,018,0.8024822334298332
TX,019,0.6313580556114268
TX,020,0.5337734270048022
TX,021,0.5796945896152582
TX,022,0.7962869192308663
TX,023,0.8140437476795697
TX,024,0.6067618250139559
TX,025,0.7361673329650543
TX,026,0.6066916474521133
TX,027,0.7481719106362437
TX,028,0.6891667962337488
TX,029,0.7818677038732365
TX,030,0.7102426701221985
TX,031,0.6136225806880015
UT,001,0.7862828828420977
UT,002,0.8573020658048659
UT,003,0.7377838759933703
UT,004,0.7897782327988176
UT,005,0.7187104942469199
UT,006,0.8006229392779474
UT,007,0.7460632862716028
UT,008,0.7228774454496799
UT,009,0.7224268377130935
UT,010,0.6835499877139065
UT,011,0.7839502799784829
UT,012,0.7929751227636894
UT,013,0.8637999349014106
UT,014,0.6856766605522625
UT,015,0.8014699399708362
UT,016,0.7069581854576265
UT,017,0.8487180274607831
UT,018,0.717161704609262
UT,019,0.748581394953423
UT,020,0.8680653137765362
UT,021,0.9520737013726991
UT,022,0.7772580129755836
UT,023,0.7440818355455929
UT,024,0.7423633974029165
UT,025,0.7703480728012317
UT,026,0.8319341107875845
UT,027,0.6513111548766204
UT,028,0.83033028279607
UT,029,0.9078944150804238
VA,001,0.5875550274682256
VA,002,0.48111444252251173
VA,003,0.6600287652577149
VA,004,0.6943457884810386
VA,005,0.5711250763362512
VA,006,0.7567607216089439
VA,007,0.6402689955263978
VA,008,0.797550318526305
VA,009,0.578514279658683
VA,010,0.6147318889057722
VA,011,0.8123936985177254
VA,012,0.693137549971183
VA,013,0.6678435203095335
VA,014,0.6613221729560038
VA,015,0.6841959036451791
VA,016,0.5360763266067019
VA,017,0.7130663018021813
VA,018,0.6759673485082206
VA,019,0.6113629474606113
VA,020,0.6710957013574885
VA,021,0.5665036600611891
VA,022,0.6272357699331652
VA,023,0.6886000541992988
VA,024,0.6275052564815126
VA,025,0.5984010525744411
VA,026,0.8013877343455605
VA,027,0.6815372055992079
VA,028,0.4017310302623684
VA,029,0.4304966944775867
VA,030,0.5821877815064668
VA,031,0.5892940727333498
VA,032,0.5598051574748397
VA,033,0.5876660245382891
VA,034,0.6275623662418495
VA,035,0.6479902262243777
VA,036,0.49853036308910653
VA,037,0.42468725867078655
VA,038,0.6046556709599599
VA,039,0.6087437929757252
VA,040,0.6688607387760636
VT,ADD,0.7990801492305724
VT,BEN,0.795918112064897
VT,CAL,0.6538680367220416
VT,CGI,0.6191953170871773
VT,CHI,0.8174804786206659
VT,E-O,0.7068640867856839
VT,FRA,0.9126240472261299
VT,LAM,0.8096092364491629
VT,ORA,0.8735066160297095
VT,RUT,0.812294759529152
VT,WAS,0.8559891709017229
VT,WDM,0.7979649532075391
VT,WSR,0.7106308567225341
WA,001,0.6526033997973728
WA,002,0.7636686583064546
WA,003,0.7654547599950953
WA,004,0.9249108206422473
WA,005,0.712845061530461
WA,006,0.7088702188555623
WA,007,0.8531523536198008
WA,008,0.6667454912305915
WA,009,0.7141210464278718
WA,010,0.7761705257477229
WA,011,0.5108123083665828
WA,012,0.8246957417902688
WA,013,0.6272709313457151
WA,014,0.7415763692725432
WA,015,0.8079282792916199
WA,016,0.7082492725523102
WA,017,0.7876001110233214
WA,018,0.5833889370800707
WA,019,0.7963811246760646
WA,020,0.6806086826419856
WA,021,0.6972090305058961
WA,022,0.8101800954524976
WA,023,0.8677470696140457
WA,024,0.7209226897307119
WA,025,0.8349377933037221
WA,026,0.7479967055948045
WA,027,0.7912363875324303
WA,028,0.7044619305433124
WA,029,0.7091962266986551
WA,030,0.7756811024672761
WA,031,0.850647616291721
WA,032,0.6729712793873179
WA,033,0.657054688995544
WA,034,0.89809959136386
WA,035,0.7596657523433037
WA,036,0.8964260052938382
WA,037,0.6848772743771344
WA,038,0.831717339688186
WA,039,0.7770653478892721
WA,040,0.6811562436733029
WA,041,0.7383468113785756
WA,042,0.901283375970154
WA,043,0.6879255187224257
WA,044,0.7904680181652608
WA,045,0.7077391142438724
WA,046,0.7374975766727384
WA,047,0.7699463039095863
WA,048,0.7249401822611696
WA,049,0.8387298209771128
WI,001,0.7897315541522888
WI,002,0.7398273431774525
WI,003,0.8599211114647883
WI,004,0.682987559809699
WI,005,0.9167186781274564
WI,006,0.7393090167790604
WI,007,0.9014842907400075
WI,008,0.5988381119677987
WI,009,0.8329069604791723
WI,010,0.7119735933137167
WI,011,0.7383053041234615
WI,012,0.862474465802125
WI,013,0.7342878018164307
WI,014,0.6310887907148447
WI,015,0.7894271365216042
WI,016,0.7199685254175889
WI,017,0.6813706127757329
WI,018,0.8457119966043304
WI,019,0.8698874086297332
WI,020,0.6817131857399956
WI,021,0.9240866091715404
WI,022,0.5768751734961872
WI,023,0.78380573766945
WI,024,0.758598192218073
WI,025,0.6867881506297097
WI,026,0.7229553526911923
WI,027,0.7592363919425882
WI,028,0.7684497560100179
WI,029,0.6253163904181706
WI,030,0.7036825816445793
WI,031,0.7794734480047314
WI,032,0.7690798449477416
WI,033,0.7918375624359275
WV,001,0.7057517873608696
WV,002,0.6427659657898991
WV,003,0.5373801667060468
WV,004,0.6852438087399936
WV,005,0.6689826906761748
WV,006,0.4217170455392
WV,007,0.8153388302760904
WV,008,0.6687512809701074
WV,009,0.795843886552469
WV,010,0.7505479920129462
WV,011,0.7310072244863846
WV,012,0.7604300560974813
WV,013,0.6753986483575658
WV,014,0.6269972904439494
WV,015,0.7028606170432938
WV,016,0.8346159713843043
WV,017,0.6778539129427633
WY,001,0.9071243436184092
WY,002,0.7321560607367085
WY,003,0.8618428757614652
WY,004,0.8354904753301827
WY,005,0.9527908026771866
WY,006,0.6904120589783179
WY,007,0.8836276825111117
WY,008,0.808487754324861
WY,009,0.6032624995061536
WY,010,0.7843204896507903
WY,011,0.7744560223234911
WY,012,0.8941104756457519
WY,013,0.5298261086202803
WY,014,0.6434124576335428
WY,015,0.8603293627344903
WY,016,0.7112518490453986
WY,017,0.9282589191256
WY,018,0.7987087122159572
WY,019,0.8300105837185021
WY,020,0.7797997807627783
WY,021,0.8875166342873202
WY,022,0.8924843475856431
WY,023,0.7892068311296865
WY,024,0.6627825460072793
WY,025,0.762391663986454
WY,026,0.5280239583799962
WY,027,0.7823987760579177
WY,028,0.6108361982958463
WY,029,0.7653744709141833
WY,030,0.9377801443835615
