AK,00A,0.5808550465402553
AK,00B,1.0507845184903053
AK,00C,3.001093788534965
AK,00D,1.6883334623783028
AK,00E,0.8011690779643271
AK,00F,2.0791992150757226
AK,00G,3.4451381134377086
AK,00H,1.6721471756361397
AK,00I,0.3273175318225007
AK,00J,0.595581235063619
AK,00K,10.608870270504777
AK,00L,1.852954122644847
AK,00M,1.2794697147095515
AK,00N,1.371032273535258
AK,00O,0.6462977748107017
AK,00P,0.56834378906396
AK,00Q,3.447315516557811
AK,00R,0.6634196531531877
AK,00S,0.01619549694723234
AK,00T,0.49475379632309047
AL,001,0.2592257174052898
AL,002,1.2529262857541925
AL,003,1.3380163250034
AL,004,0.5184955338271047
AL,005,0.9814043673145743
AL,006,0.8758603036844769
AL,007,1.0028229912333968
AL,008,0.5997185949279603
AL,009,0.9002067349081087
AL,010,1.1900328272085148
AL,011,0.5097494950864164
AL,012,1.4221233851530264
AL,013,0.4300239588853568
AL,014,0.8726501997898876
AL,015,0.5059122573132017
AL,016,0.976581428010541
AL,017,0.645265173783044
AL,018,0.5549258682255678
AL,019,1.0831799623669252
AL,020,0.6210245824893013
AL,021,0.6615212472737935
AL,022,0.6991694234796668
AL,023,0.8696999250116701
AL,024,0.5914422677209278
AL,025,0.9505806123281648
AL,026,1.9324940572742129
AL,027,0.5623116278938911
AL,028,0.44585762915718946
AL,029,0.9676920585406481
AL,030,1.1494066140266772
AL,031,0.8819454870441428
AL,032,1.1313162972115387
AL,033,1.479653381916103
AL,034,1.6089940846630106
AL,035,2.4725216776169447
AR,001,1.426927071958483
AR,002,0.4915442261325075
AR,003,1.7620184118667095
AR,004,2.0290708067407786
AR,005,0.430412295888828
AR,006,1.1646885449113764
AR,007,1.6528157797297254
AR,008,0.8193316186866503
AR,009,1.0680372924998576
AR,010,0.7579561161525546
AR,011,0.7968618480033475
AR,012,0.4826494514957633
AR,013,0.8624232146159709
AR,014,1.1632148518806082
AR,015,0.8927912142563591
AR,016,0.6225888124932224
AR,017,0.4959284402639342
AR,018,0.7213767696805312
AR,019,0.7952145622085062
AR,020,0.8189234412457521
AR,021,2.8109957201971874
AR,022,0.7130531888363598
AR,023,0.6865738358947693
AR,024,0.4709610082979289
AR,025,0.6879158810294873
AR,026,1.1676660178169067
AR,027,0.44215746173912934
AR,028,0.7422812783966044
AR,029,1.0952861414680624
AR,030,0.9765610728154157
AR,031,0.9187251518709586
AR,032,1.1411178066088303
AR,033,0.9700955116165798
AR,034,0.5615637876329427
AR,035,1.8154908686762035
AZ,001,1.7042338994605835
AZ,002,1.0812433302928108
AZ,003,1.089635282436723
AZ,004,0.23674836590179504
AZ,005,1.3949966956269442
AZ,006,0.8852072554609717
AZ,007,0.8581612728869754
AZ,008,1.221585637391292
AZ,009,0.6534246195686677
AZ,010,1.245592496918734
AZ,011,0.28165620632331806
AZ,012,1.1173205505375952
AZ,013,0.1985908773636481
AZ,014,1.0473012649253994
AZ,015,0.682567923823949
AZ,016,1.1384361135150332
AZ,017,0.8970948604658715
AZ,018,0.5211102882728543
AZ,019,0.9936202016154755
AZ,020,0.5658222091683069
AZ,021,0.7978103779305813
AZ,022,1.3704508272660243
AZ,023,4.551089179518021
AZ,024,0.41352025958669236
AZ,025,0.9369010132845205
AZ,026,1.4987650115496878
AZ,027,2.0737044480675615
AZ,028,0.83900731981013
AZ,029,0.8130411501097853
AZ,030,0.7519765121885753
CA,001,0.9469924869478268
CA,002,0.47835781777289443
CA,003,1.1862560046950046
CA,004,1.1445171969348749
CA,005,1.2138897400788584
CA,006,1.2418318935664387
CA,007,1.390162436372135
CA,008,1.5585650709888494
CA,009,1.154939519864348
CA,010,0.6923636019280384
CA,011,4.6533562030014455
CA,012,0.6876877381459612
CA,013,1.1894697028151928
CA,014,0.5195125200185812
CA,015,2.9717918117552795
CA,016,0.7832635688407551
CA,017,0.37448363994231404
CA,018,1.1109278539378684
CA,019,0.6703488003605338
CA,020,0.39029986350120577
CA,021,0.3718408744561072
CA,022,0.672256298182692
CA,023,0.7641542858246443
CA,024,0.7113683382288043
CA,025,0.7425434938861943
CA,026,1.947205288817867
CA,027,1.3005009671764416
CA,028,0.7931693423636212
CA,029,0.6938325888858372
CA,030,0.6817297000044898
CA,031,0.732472150865176
CA,032,1.0006955568179123
CA,033,0.5735846600384397
CA,034,0.8993737847747812
CA,035,0.8469787338539184
CA,036,0.4177011387880507
CA,037,1.23234445026724
CA,038,2.291975867838233
CA,039,1.3161363331651106
CA,040,0.5734206549876871
CO,001,0.9465164564718067
CO,002,0.904809923084923
CO,003,3.3555857137060507
CO,004,2.5451840263373415
CO,005,0.7536243193274451
CO,006,0.9680982914553705
CO,007,7.850165606757933
CO,008,1.0139458840587854
CO,009,1.286849830629248
CO,010,0.9093147374266495
CO,011,0.6638123661585149
CO,012,0.9317910418457436
CO,013,1.204065082568521
CO,014,1.4175422721693405
CO,015,3.424459298395457
CO,016,1.234073347817992
CO,017,0.38561093045661415
CO,018,3.9195980841140283
CO,019,1.121113937230046
CO,020,0.7036914125948868
CO,021,0.6914728563525471
CO,022,0.40461725916835883
CO,023,0.3144526069578687
CO,024,0.9856799483653254
CO,025,1.602986429983941
CO,026,0.4315929264582333
CO,027,0.24684282112985356
CO,028,1.03158408965548
CO,029,1.7221685237254474
CO,030,1.1139172153139787
CO,031,0.4585032762343469
CO,032,0.6399192241351388
CO,033,0.5707601055399389
CO,034,0.8282207288949788
CO,035,0.7006959466645594
CT,001,1.3210775748877663
CT,002,1.165959150565238
CT,003,0.667883909849522
CT,004,1.1720224509213402
CT,005,0.6046464865154549
CT,006,1.5826627716222244
CT,007,0.6728812042414272
CT,008,0.7550677435042633
CT,009,0.7015777681706689
CT,010,1.1206371525561423
CT,011,0.6809702257172869
CT,012,0.8195670618517931
CT,013,0.5669013479467789
CT,014,0.6835467590449597
CT,015,1.2548131169772159
CT,016,0.8922776701674681
CT,017,0.5122009845143976
CT,018,0.5459923883641434
CT,019,0.4541211189493284
CT,020,1.058358968922106
CT,021,0.6097427101156168
CT,022,0.7652478807511858
CT,023,1.1481843420095827
CT,024,1.4282978196616316
CT,025,1.4659128923838647
CT,026,0.6594311257840703
CT,027,2.4974933640587427
CT,028,0.4810755461077442
CT,029,0.35539847022360577
CT,030,0.5048260624942105
CT,031,0.873587677462787
CT,032,0.9061864877139081
CT,033,0.69737954920834
CT,034,0.5079043525189245
CT,035,0.704136397008894
CT,036,0.9726465150409064
DC,001,1.1237725198456556
DC,002,1.3814863596954905
DC,003,1.2947993133125397
DC,004,1.0111801552369517
DC,005,1.0042999694857433
DC,006,0.8785588980209287
DC,007,0.8901877766849626
DC,008,1.276106960395847
DE,001,0.34186838783788287
DE,002,0.8842811287444765
DE,003,1.0784804574983824
DE,004,0.4952626124040327
DE,005,0.8789821616383169
DE,006,1.4855843688410904
DE,007,0.7116634301438947
DE,008,0.5952492528237834
DE,009,0.7495778654031545
DE,010,0.3434737747508664
DE,011,0.9111238426823324
DE,012,0.671886977240858
DE,013,0.5191046484230077
DE,014,1.455745888946315
DE,015,0.8121970023120131
DE,016,4.260673267860456
DE,017,1.1041146753528033
DE,018,1.6040423503568575
DE,019,0.35157863812894286
DE,020,1.0369991157035545
DE,021,1.090111331869332
FL,001,0.6523351355275454
FL,002,1.6664629621303173
FL,003,1.3990259962151632
FL,004,1.3342776206023983
FL,005,0.6684625903189201
FL,006,0.6361707871396918
FL,007,0.5432690304449529
FL,008,0.3867688364237345
FL,009,0.9655093851101705
FL,010,1.4636148404759903
FL,011,0.7484088788551543
FL,012,1.2355365731962622
FL,013,0.7571594012550779
FL,014,0.5666668700827905
FL,015,0.5631216727680631
FL,016,1.2880904201112673
FL,017,0.72447281939625
FL,018,0.8978759680950341
FL,019,0.38118042779180006
FL,020,1.3898026460035506
FL,021,0.43244271588103783
FL,022,0.8943073683309654
FL,023,1.083998015970999
FL,024,1.2453094174399453
FL,025,1.4832680011778319
FL,026,0.8079418105597372
FL,027,1.466966980577397
FL,028,0.8800074485189809
FL,029,2.281808301429398
FL,030,2.564506696332351
FL,031,0.7033097453478592
FL,032,0.46662517079214383
FL,033,0.7350308052506045
FL,034,0.5387697993967883
FL,035,0.542654898683221
FL,036,0.9146792698737601
FL,037,1.1424425686513366
FL,038,1.8171030295716202
FL,039,0.5426506191620275
FL,040,0.5805552859937054
GA,001,0.9405352558729783
GA,002,1.219423610017095
GA,003,1.1326298363441472
GA,004,0.6311951301788559
GA,005,0.27131565586076956
GA,006,0.6157070775114851
GA,007,0.7917068546168895
GA,008,1.9667255628200557
GA,009,0.5793049535440797
GA,010,0.6307109117899842
GA,011,0.7171583570732875
GA,012,1.1232015085994125
GA,013,0.6846321662866225
GA,014,0.7991812256675247
GA,015,0.8056489043072933
GA,016,0.7777376259021754
GA,017,0.6986558309319449
GA,018,0.7125050570443057
GA,019,0.7085035749421681
GA,020,0.5477634803115549
GA,021,0.650259053123159
GA,022,1.9234279114024626
GA,023,0.8625304535057835
GA,024,0.357110008383862
GA,025,0.6864259499961676
GA,026,0.7483939855428949
GA,027,1.0422650984857926
GA,028,1.1612304405601286
GA,029,0.7665418276563711
GA,030,0.7821002006508482
GA,031,0.6939105808959044
GA,032,0.784286762704094
GA,033,0.5542873118483713
GA,034,1.0341115752102916
GA,035,0.6914375693606849
GA,036,0.7522214802021845
GA,037,1.0389831038432278
GA,038,0.7962243333760999
GA,039,0.24891341215506518
GA,040,0.8744821709206729
GA,041,0.5292032650708425
GA,042,0.7926627508316599
GA,043,0.8729775383398938
GA,044,0.461729982359149
GA,045,0.7457391529357168
GA,046,0.4470116905022771
GA,047,0.5324275759486329
GA,048,0.6915332122359438
GA,049,1.303831349930223
GA,050,0.8083952157492031
GA,051,0.8048244090868875
GA,052,0.9466986745020566
GA,053,1.1134180085165741
GA,054,1.1048109999521647
GA,055,0.43485910544657014
GA,056,0.827296567808466
HI,001,6.268225482026816
HI,002,2.2035384095738206
HI,003,0.9944189905669826
HI,004,0.787891387794712
HI,005,7.18325169481316
HI,006,0.5533075935748069
HI,007,0.7740233150930649
HI,008,1.894670546263509
HI,009,0.9186515717804598
HI,010,1.1298128508648173
HI,011,1.104002688413055
HI,012,3.7539563927768658
HI,013,1.8244033226012262
HI,014,1.4179052132255487
HI,015,2.995991412045091
HI,016,2.089491211620546
HI,017,0.8230176625396525
HI,018,1.6570533109445813
HI,019,3.5508007423478283
HI,020,1.7612356999409913
HI,021,2.839371737077891
HI,022,4.366147335521505
HI,023,0.8656100694252103
HI,024,1.7661760784140175
HI,025,17.30124636293858
IA,001,0.41280487917848063
IA,002,0.8238068212308267
IA,003,1.1458448301587643
IA,004,0.5697357830899703
IA,005,1.304116066794715
IA,006,0.7267216629494335
IA,007,2.225935563059769
IA,008,1.4323744430846523
IA,009,0.8825092421324248
IA,010,0.7947034320669304
IA,011,0.2856635270926465
IA,012,0.5754520774463296
IA,013,1.0460361549904267
IA,014,0.6192342065354032
IA,015,0.7631048083339002
IA,016,0.8170370225529417
IA,017,1.386007325719016
IA,018,0.7515825103132965
IA,019,2.756735514677452
IA,020,1.6403720728765365
IA,021,0.8750708425840021
IA,022,0.6453193996979375
IA,023,4.435357251828405
IA,024,0.9895688156435491
IA,025,0.4489980073956111
IA,026,0.7383670389859085
IA,027,0.9850315599021745
IA,028,0.9557283648245279
IA,029,0.7471001454435747
IA,030,2.259860004392288
IA,031,2.693476159891097
IA,032,0.7891124463176823
IA,033,0.9829917069787841
IA,034,1.2885189025757202
IA,035,2.5428149948053336
IA,036,0.9078722402177584
IA,037,0.5867896004442607
IA,038,0.6310301946031862
IA,039,0.7275320691734697
IA,040,0.9005943312607365
IA,041,1.0375961070168915
IA,042,0.6746344537547585
IA,043,1.5286659627089962
IA,044,0.6222084212567321
IA,045,1.386289709419674
IA,046,0.3021005029830624
IA,047,1.3223240826001685
IA,048,0.8271624660862337
IA,049,0.928751300897725
IA,050,2.0984645001166253
ID,001,1.3119080052962804
ID,002,2.2561696158828295
ID,003,2.3090303476643537
ID,004,0.9237048674772042
ID,005,1.098220730757538
ID,006,1.1007215455548747
ID,007,0.9409149303142678
ID,008,0.5177616232990734
ID,009,1.3338910696544113
ID,010,1.2320862061652609
ID,011,0.7187950245546985
ID,012,0.9171689315962336
ID,013,0.8548350086713267
ID,014,1.3166366478841138
ID,015,0.9867682342457303
ID,016,0.7995572019385744
ID,017,0.6849220662359237
ID,018,1.8556402354515429
ID,019,1.453269905766332
ID,020,0.9347856798113768
ID,021,0.8924254679142276
ID,022,3.434379867642565
ID,023,1.0585009997030868
ID,024,2.082090383639243
ID,025,2.3998591762186448
ID,026,1.474358814095405
ID,027,6.129892872937837
ID,028,2.113838966488699
ID,029,4.077977474788072
ID,030,4.6872147183206385
ID,031,1.9100039907332904
ID,032,0.4981001989163182
ID,033,0.7086158031424251
ID,034,2.3724331020280074
ID,035,1.485882022536415
IL,001,0.43357664535958995
IL,002,0.2552406161377249
IL,003,0.29700845291487105
IL,004,0.49363536984402173
IL,005,0.6249213400107534
IL,006,0.8803500672086431
IL,007,0.7754620239921718
IL,008,0.4292021486031363
IL,009,0.6038924371660496
IL,010,0.654397111166551
IL,011,0.5144129347637724
IL,012,0.45561368559259713
IL,013,0.2665392787202446
IL,014,0.3840297381982639
IL,015,0.739647334598406
IL,016,0.25063598457240704
IL,017,0.46357840741988116
IL,018,0.4746185776250828
IL,019,0.518251149897739
IL,020,0.6952205813160197
IL,021,0.7111059175328008
IL,022,0.4174687515359873
IL,023,0.5425648187873147
IL,024,0.6227183764420514
IL,025,0.649616535909942
IL,026,0.581861149933436
IL,027,0.7264978253370277
IL,028,0.2775352814510852
IL,029,0.43206254977610686
IL,030,0.32416075896403396
IL,031,0.562466642858744
IL,032,0.8996405330576878
IL,033,0.6456872938021004
IL,034,1.7558440006747273
IL,035,0.6283321947962448
IL,036,0.4138021079134293
IL,037,0.8166257930153143
IL,038,0.5986982156831969
IL,039,0.39247199111052233
IL,040,0.6729781610403989
IL,041,0.7024329746628608
IL,042,1.0162530487839627
IL,043,0.7781667813409888
IL,044,0.5537247701735223
IL,045,0.6119151773870233
IL,046,0.9676441151803361
IL,047,0.6807484935886498
IL,048,0.4273490399481474
IL,049,0.732274657160356
IL,050,0.7538753112527152
IL,051,0.8548661607246733
IL,052,0.40731841408254754
IL,053,0.6280868924627516
IL,054,0.6355705813640978
IL,055,0.8372817507733223
IL,056,0.7304567015259682
IL,057,0.9959031632547158
IL,058,0.46121884577684646
IL,059,1.1819080186373527
IN,001,0.756415462076441
IN,002,0.4632228289973637
IN,003,2.1221880072763373
IN,004,0.7995439268153517
IN,005,0.9779177789118192
IN,006,0.7136640812911608
IN,007,0.7876689753040141
IN,008,0.6866141603978455
IN,009,0.5675497408525607
IN,010,0.8280684108434153
IN,011,0.4087043945168866
IN,012,1.1753364184747974
IN,013,0.8324347655537658
IN,014,1.154773456301303
IN,015,0.7973343718135053
IN,016,1.9199412180863344
IN,017,0.6780082682966272
IN,018,0.9628568262855104
IN,019,0.745409049377366
IN,020,1.2325621941876488
IN,021,1.1207041182180852
IN,022,3.283677889113568
IN,023,0.5691801975640594
IN,024,0.8964515550994221
IN,025,0.40298054673061623
IN,026,0.8028122353475432
IN,027,0.6876248552952494
IN,028,1.0796729870032635
IN,029,0.4169767304497146
IN,030,0.7227963144293753
IN,031,0.8247283768606963
IN,032,1.074060326642384
IN,033,0.7713645355829585
IN,034,0.4535513158318663
IN,035,0.8553125619759128
IN,036,0.8260902785449646
IN,037,0.5709302804174443
IN,038,1.544352255968835
IN,039,1.0176020725069215
IN,040,3.217402177368048
IN,041,0.462575257379184
IN,042,0.6128055484761813
IN,043,0.5050900528999323
IN,044,0.6128911965989542
IN,045,0.6213175943562278
IN,046,1.1137606880271878
IN,047,0.7612929886370022
IN,048,0.6428751541811448
IN,049,1.794824668514439
IN,050,1.394198613445591
KS,001,0.6806904391712661
KS,002,1.3008166090414641
KS,003,0.7991153915633555
KS,004,0.7642860144790565
KS,005,0.46321972602495565
KS,006,0.7646631736076134
KS,007,0.8906949893771895
KS,008,0.9836617840502977
KS,009,1.0952507282138784
KS,010,0.5628117046784239
KS,011,0.8417255467175809
KS,012,0.8860272028130148
KS,013,0.8933258720572123
KS,014,0.7356603236044624
KS,015,0.8153528537940905
KS,016,1.0180782016955068
KS,017,0.3199241568488398
KS,018,0.6410442754775805
KS,019,1.4658919272352509
KS,020,3.0556059927166563
KS,021,0.6437335075250938
KS,022,1.5771521826359305
KS,023,1.0379669225567816
KS,024,1.3154182164379844
KS,025,0.7395214978117978
KS,026,0.7222928360331514
KS,027,2.231510530524658
KS,028,0.6168817864930843
KS,029,0.8658342275326215
KS,030,0.8980934271203515
KS,031,1.3017359448679402
KS,032,0.5855562191418722
KS,033,0.7029787251581088
KS,034,2.313742670122453
KS,035,0.6842657456585007
KS,036,0.5643671326232433
KS,037,0.946606148698761
KS,038,0.7073067254843491
KS,039,1.4756332686905913
KS,040,0.6061991139777259
KY,001,0.6434749992406407
KY,002,0.8807967360952538
KY,003,0.8210176456243723
KY,004,0.631273091291812
KY,005,0.7549497992004506
KY,006,0.7346575517060399
KY,007,0.8328723378154195
KY,008,1.8059251369157663
KY,009,0.5962080580274587
KY,010,1.1755723837953342
KY,011,1.8657362086152494
KY,012,0.518870594808386
KY,013,0.761286494530871
KY,014,0.4946661344031696
KY,015,0.6727943901620804
KY,016,0.6205978184566686
KY,017,0.2591301899458278
KY,018,0.9288825563316572
KY,019,0.44846819096982443
KY,020,0.6916715473934627
KY,021,0.4014207026886591
KY,022,0.709643074508104
KY,023,0.9381739153855915
KY,024,0.8079790279767773
KY,025,0.5779865735881868
KY,026,0.660436877841893
KY,027,0.5814488326076944
KY,028,0.43083433303448404
KY,029,0.4811080649775098
KY,030,0.3252981017299154
KY,031,0.4674109451924659
KY,032,2.7867357850989336
KY,033,0.6921108042321282
KY,034,1.0417846430037179
KY,035,0.3899265090909095
KY,036,0.8317173741059476
KY,037,0.6051051627670916
KY,038,1.5909111631243722
LA,001,5.773821057923954
LA,002,0.3357264684236203
LA,003,0.40574539598296183
LA,004,0.3327208270618418
LA,005,0.9275565551722681
LA,006,0.22880477736101942
LA,007,1.3596863546593763
LA,008,1.694446742736692
LA,009,0.6527297642281248
LA,010,0.7172563535860477
LA,011,0.9693281507326285
LA,012,0.7233155062121374
LA,013,0.6721687640602414
LA,014,0.7771649107410844
LA,015,0.8879296432719251
LA,016,0.7314904545764009
LA,017,0.6858937248979041
LA,018,1.284583859200744
LA,019,1.2505371743614746
LA,020,3.1526271673386486
LA,021,0.5909754220390763
LA,022,2.223325521590022
LA,023,1.3018134253295188
LA,024,0.8488289578907992
LA,025,0.998760362336378
LA,026,2.009784834006481
LA,027,1.0446021751842325
LA,028,0.7207503603544331
LA,029,0.1544405379055576
LA,030,0.9105772179326109
LA,031,0.5952012928193247
LA,032,0.5720817804720303
LA,033,0.5246405695336157
LA,034,0.5378478129038863
LA,035,0.2988347892868125
LA,036,1.2788606480658726
LA,037,1.743501520213977
LA,038,1.694715939640625
LA,039,1.2524363591497392
MA,001,2.8484672002043965
MA,002,0.7685876353507057
MA,003,0.8166358948001817
MA,004,1.2353432991126208
MA,005,1.3049213773312127
MA,006,1.1158539559918321
MA,007,1.1679553018869244
MA,008,0.6924657465836992
MA,009,0.8907087970242655
MA,010,1.323135520890434
MA,011,0.9037740390736347
MA,012,0.3316999851428241
MA,013,0.6295641752023372
MA,014,0.75045716665016
MA,015,0.8447759005819611
MA,016,0.5352860144858479
MA,017,0.3046315847841464
MA,018,0.6468929145154448
MA,019,0.4226875872767923
MA,020,0.5756577532403738
MA,021,1.367634234162297
MA,022,2.378452061152568
MA,023,0.7980027529441389
MA,024,0.5956353537262604
MA,025,1.1424383593232532
MA,026,0.3410481875337449
MA,027,0.633763439194041
MA,028,0.350266251536227
MA,029,0.4582107189565792
MA,030,0.9015020270080378
MA,031,0.6157076831978721
MA,032,0.7444490567466743
MA,033,0.5815145906378397
MA,034,1.075315618312187
MA,035,0.7300688189619399
MA,036,0.5171087981787532
MA,037,1.2073430403362468
MA,038,3.5890323684268957
MA,039,0.6225495779926425
MA,040,1.4573046881851366
MD,001,0.27684262567101997
MD,002,1.5110094187591723
MD,003,1.7876136516552783
MD,004,0.7214398676512916
MD,005,1.0817488020295316
MD,006,1.0455775067750446
MD,007,0.7045319245950882
MD,008,0.7383111098196701
MD,009,0.7856520317671684
MD,010,1.282260518583473
MD,011,0.5930955863022463
MD,012,0.22496096797748227
MD,013,0.799095953141131
MD,014,0.4061911709157371
MD,015,1.0446932613423996
MD,016,0.9580584359388413
MD,017,0.5397767728160148
MD,018,0.8178418138304516
MD,019,0.6326433061302276
MD,020,0.8607920412776168
MD,021,0.2956393257515296
MD,022,0.7355855163180006
MD,023,0.4493200334767964
MD,024,0.3599860383184755
MD,025,0.6012526090146845
MD,026,0.7797041542393499
MD,027,0.5030096092641877
MD,028,1.2981532705934289
MD,029,0.7365543960687685
MD,030,0.822183705534591
MD,031,0.6840702214122264
MD,032,0.5332687933195712
MD,033,0.6175581323249416
MD,034,0.782962782700978
MD,035,0.4249463608727327
MD,036,0.456630120951507
MD,037,0.6310778936764341
MD,038,0.5863787989529952
MD,039,0.7528321964501625
MD,040,0.7337741522831127
MD,041,0.7126521855289877
MD,042,0.8823778003568002
MD,043,0.852753766067054
MD,044,0.4940521265227097
MD,045,0.6607896445402787
MD,046,0.8248491538151913
MD,047,0.35689054438232803
ME,001,1.8969388113110877
ME,002,0.9515189546332096
ME,003,2.3655440195038397
ME,004,3.0153248977837777
ME,005,0.4449706087056517
ME,006,0.8763328897160221
ME,007,1.7123944644540003
ME,008,0.6546436620122797
ME,009,1.1743487692584436
ME,010,0.7626027184042684
ME,011,0.9666383774934977
ME,012,2.9465994011808645
ME,013,1.100288405789249
ME,014,0.826950507593183
ME,015,0.7657681657404025
ME,016,1.7749510173697587
ME,017,1.4164174878775313
ME,018,1.4005287026109683
ME,019,0.6792237137091794
ME,020,1.262752471516022
ME,021,2.1607509709095947
ME,022,0.6971455769448485
ME,023,1.3623624590253791
ME,024,0.9981811666142376
ME,025,1.049902536090035
ME,026,0.8008808711363369
ME,027,4.93618394021182
ME,028,0.7684610030038792
ME,029,2.6235664262175122
ME,030,0.6557742473996069
ME,031,0.4525759220233614
ME,032,0.9873496934826234
ME,033,0.7822818055664683
ME,034,0.48360658602435946
ME,035,1.633871227357997
MI,001,0.21518616154376577
MI,002,0.516621501905243
MI,003,0.8127965423446174
MI,004,0.22803387002540285
MI,005,0.4404093996184922
MI,006,0.8293211347120449
MI,007,0.8113427876615564
MI,008,0.6407135822747252
MI,009,0.7117701406003483
MI,010,0.7779221339559643
MI,011,0.3160712364673887
MI,012,0.9885838007646387
MI,013,0.7515824489008622
MI,014,0.5569042517313769
MI,015,0.9322900372432907
MI,016,0.8541780744700741
MI,017,0.6281896272567256
MI,018,1.5362253630105993
MI,019,0.7359208832422399
MI,020,2.5080456486140723
MI,021,0.7349967743609979
MI,022,1.2985245934402707
MI,023,1.7049827118678618
MI,024,0.8316959438617885
MI,025,1.1905693121501912
MI,026,1.211306024600055
MI,027,1.5806068401679947
MI,028,0.9261906181190395
MI,029,1.189249966072125
MI,030,2.468543299096494
MI,031,0.5575997775023296
MI,032,0.751543599750277
MI,033,0.9626380015523971
MI,034,2.545023854732307
MI,035,0.8988946048526888
MI,036,0.9711441226771941
MI,037,0.866741164590225
MI,038,1.3806016946825603
MN,001,0.8697138669954511
MN,002,1.002547002602293
MN,003,0.6186214733517511
MN,004,0.7556603983899836
MN,005,0.49676313202081696
MN,006,1.3923802975404995
MN,007,1.6382334590690617
MN,008,0.6749983572848343
MN,009,0.9025217766669081
MN,010,1.3464398029476483
MN,011,0.5962486476161203
MN,012,0.5095310203185937
MN,013,0.8981270334937653
MN,014,2.870620095307224
MN,015,0.8919392324912494
MN,016,0.38816257188511016
MN,017,0.9989249457649335
MN,018,1.0522559396441864
MN,019,1.637650164821394
MN,020,0.5613185187037313
MN,021,0.4803492677945073
MN,022,0.8332720306392356
MN,023,0.7025679597198422
MN,024,1.589535759260788
MN,025,0.9343368905470587
MN,026,2.321114254608758
MN,027,0.8608643971757027
MN,028,0.782837877204407
MN,029,1.0690574178927372
MN,030,0.9486509874427784
MN,031,0.7165134501506976
MN,032,0.8101207196306311
MN,033,1.050534916363709
MN,034,0.9748057065047534
MN,035,0.84704501036663
MN,036,0.9550720781734584
MN,037,1.156933333088544
MN,038,0.9243825348183057
MN,039,0.6149992314724495
MN,040,0.8820821000867284
MN,041,0.9905539276531599
MN,042,0.6473032131281833
MN,043,0.7423653211561879
MN,044,0.7776363343437123
MN,045,1.032365712447123
MN,046,0.838732767471521
MN,047,0.9664272555192441
MN,048,0.9390411140545822
MN,049,0.8605839596709531
MN,050,0.9862863097279206
MN,051,0.866649439693382
MN,052,1.143824838904142
MN,053,1.1025323459243228
MN,054,0.8702130294712975
MN,055,1.1399617932352897
MN,056,0.8780852670145731
MN,057,1.40804390113766
MN,058,1.1936460455632993
MN,059,0.7133244652040929
MN,060,1.0306841717563184
MN,061,0.6779309480448794
MN,062,0.9407957573437642
MN,063,1.041432932436512
MN,064,0.9796570516765316
MN,065,0.8640191277120176
MN,066,0.6029316290582435
MN,067,1.285585776020315
MO,001,0.7469451406735274
MO,002,2.0653644723377846
MO,003,1.5965291060490554
MO,004,0.5799781540632889
MO,005,0.918465837363651
MO,006,0.9345781959862209
MO,007,0.4514549388129214
MO,008,1.2202375266625842
MO,009,0.8052977587426806
MO,010,0.6049122333567587
MO,011,1.557217702818721
MO,012,0.7316590355464786
MO,013,1.0393892963283489
MO,014,0.9661197149477027
MO,015,0.634902262504396
MO,016,0.5281850141333907
MO,017,1.246810904613733
MO,018,0.6765927250344882
MO,019,1.7835291098032948
MO,020,1.6365631114320358
MO,021,0.8594382841999492
MO,022,0.9775322858979245
MO,023,2.0694352967880065
MO,024,0.9365448655030448
MO,025,0.7044890240410594
MO,026,0.6686155306639326
MO,027,0.9467979386230695
MO,028,0.6301936528044951
MO,029,0.6564997219781544
MO,030,1.5787680659781773
MO,031,0.6603756621242243
MO,032,1.574442202528099
MO,033,0.5753625757982487
MO,034,0.5049716317332391
MS,001,1.3622264622257283
MS,002,0.6519928152932376
MS,003,0.8696740092730002
MS,004,0.6453005301376923
MS,005,0.7544178727531891
MS,006,1.2316915474200265
MS,007,0.857580142993808
MS,008,0.632794804631451
MS,009,1.226678035950891
MS,010,0.5643890024930778
MS,011,0.5916928196512086
MS,012,0.5165084610460118
MS,013,0.7189626813436532
MS,014,0.6170983221389258
MS,015,0.6760823802879936
MS,016,0.8449768765750442
MS,017,1.409617194999386
MS,018,0.9441350174754004
MS,019,0.9866143277574241
MS,020,1.5595314149232815
MS,021,0.7120996412106956
MS,022,0.4118106797298297
MS,023,1.0209189564497145
MS,024,0.6262870826882311
MS,025,0.7741397438050945
MS,026,0.7916376985871811
MS,027,0.33790785220803043
MS,028,0.7417956917960765
MS,029,0.7042614295437046
MS,030,1.0123978621744378
MS,031,0.5994791305620923
MS,032,0.4901140577355772
MS,033,1.2095475046360558
MS,034,0.4420754544260883
MS,035,0.7924720772047253
MS,036,0.6935619842197571
MS,037,0.3070309179780525
MS,038,0.29890533485011284
MS,039,1.0401538449073997
MS,040,0.287539773685857
MS,041,0.8544419704884387
MS,042,0.8137756730199126
MS,043,0.5845049509111321
MS,044,1.159098433563287
MS,045,1.3114699552951916
MS,046,1.6179470502059161
MS,047,0.26233641525967144
MS,048,1.3314521022492274
MS,049,1.123497200911796
MS,050,2.0988889059039275
MS,051,1.0556204396646929
MS,052,1.1447733822139297
MT,001,1.1881528545284161
MT,002,8.615319999426147
MT,003,3.258198344154598
MT,004,1.2474814757460087
MT,005,0.8206968065994675
MT,006,0.7907145280240453
MT,007,0.7893837266790256
MT,008,0.3789480323931419
MT,009,1.6282676745433322
MT,010,1.6407473917870434
MT,011,1.815475039005993
MT,012,0.4435374109367284
MT,013,0.7133136868006978
MT,014,0.7392260267389041
MT,015,1.408203010002497
MT,016,0.12134981157568148
MT,017,0.21401114216138944
MT,018,1.3503029577515155
MT,019,1.1684897275337445
MT,020,0.5916018909951527
MT,021,0.9658025362223424
MT,022,1.174329452276882
MT,023,0.6767690621675426
MT,024,0.3975760736764836
MT,025,0.4251633781017246
MT,026,0.5221929871531291
MT,027,0.9835864740883752
MT,028,0.34074861546180557
MT,029,2.080532306390067
MT,030,1.859253442069508
MT,031,2.62213667557826
MT,032,0.6400133910879322
MT,033,1.0935858486596888
MT,034,0.988177569905853
MT,035,0.6801765845166192
MT,036,1.8395865984745712
MT,037,3.5860106686509132
MT,038,0.6131128327171123
MT,039,1.7543990291235414
MT,040,2.0152800182038733
MT,041,0.822041400300163
MT,042,0.5436370681809093
MT,043,4.82974821414619
MT,044,1.5924848325596674
MT,045,2.2933408477190382
MT,046,1.194894641949727
MT,047,0.4837845101241476
MT,048,0.6225963304739235
MT,049,2.5393205702023494
MT,050,0.4544031743585121
NC,001,0.648292700369719
NC,002,1.5981019165645673
NC,003,0.7172955932995031
NC,004,0.4617550591969093
NC,005,0.4170465844101597
NC,006,2.2926512835383313
NC,007,0.3839838914602762
NC,008,0.6552842305571279
NC,009,1.96826789440107
NC,010,0.6464209016149481
NC,011,0.5787422471518676
NC,012,0.6397963922445765
NC,013,0.8010382240089553
NC,014,0.8867112584850037
NC,015,0.9875295314667963
NC,016,0.7151297871044583
NC,017,1.1547407129856462
NC,018,0.560747463310473
NC,019,1.3401941424978057
NC,020,0.7764558828902713
NC,021,1.2836145844912716
NC,022,0.6894351739706989
NC,023,1.2085543641591676
NC,024,0.8335515297085285
NC,025,0.3845352178943485
NC,026,0.9594964140168648
NC,027,0.6374420211547144
NC,028,0.41856479190406487
NC,029,0.35980689564735335
NC,030,0.5008419112168578
NC,031,0.5867807701217149
NC,032,0.7828670888869156
NC,033,0.6656503693965452
NC,034,0.8695416111725275
NC,035,1.3679510176002239
NC,036,1.2917873684980874
NC,037,0.45112493864827663
NC,038,0.6436791712783767
NC,039,0.8163692249720134
NC,040,0.7214599027513302
NC,041,0.27223564051375443
NC,042,1.3198299182374342
NC,043,1.1780898006779583
NC,044,0.5046120401138958
NC,045,0.768336202561602
NC,046,0.5876283808392433
NC,047,0.7163031137474588
NC,048,1.3554493357397406
NC,049,1.4787282951856493
NC,050,0.7029139991290151
ND,001,2.0283512111484745
ND,002,0.7203597463368765
ND,003,2.204418270348967
ND,004,0.7827654675207493
ND,005,1.2104999821337148
ND,006,0.7379477308046224
ND,007,0.560288520007283
ND,008,0.6767553363653873
ND,009,1.8538165364146784
ND,010,0.7667870180850614
ND,011,0.8196123278983846
ND,012,2.1660865351252077
ND,013,2.0989000347425795
ND,014,0.8762923203758995
ND,015,1.6010399594081048
ND,016,0.8561498039084176
ND,017,2.0684695736726475
ND,018,0.5748180291588639
ND,019,0.9294054015295323
ND,020,0.9771058950853886
ND,021,0.8277272945513756
ND,022,1.0079535326621938
ND,023,0.5639083279545576
ND,024,1.4501186925625134
ND,025,0.6692970090979028
ND,026,0.7150246969161491
ND,027,1.660251401478813
ND,028,0.4353534135311638
ND,029,0.8052388664259558
ND,030,1.0679286534765107
ND,031,0.5742723805917049
ND,032,1.2154852082778336
ND,033,0.8763719061931322
ND,034,0.7534509774268465
ND,035,0.6564099036089733
ND,036,0.9706023841189603
ND,037,1.2906646531421258
ND,038,1.857967780164101
ND,039,0.565000934589497
ND,040,1.4662079849135325
ND,041,0.9928209664201314
ND,042,0.518123587772395
ND,043,0.9162710175798806
ND,044,0.7669479657017155
ND,045,1.7701510990273708
ND,046,0.7217531883923181
ND,047,1.552780610366718
NE,001,0.8888223307228664
NE,002,0.6680263141849203
NE,003,0.8337244974786264
NE,004,1.2108994151600183
NE,005,1.0161238523815763
NE,006,0.5712117433540168
NE,007,0.9976196964458455
NE,008,0.7906931308093923
NE,009,0.6160980248551581
NE,010,0.7807289908592072
NE,011,0.9384643347805436
NE,012,0.3808221170984441
NE,013,1.3649969010855554
NE,014,0.9855306478814544
NE,015,1.5399640595904867
NE,016,0.5812443765936842
NE,017,0.5117698193182326
NE,018,0.449160775817784
NE,019,1.726948682519193
NE,020,0.45693303162609367
NE,021,2.7387090580399027
NE,022,1.3389968495665754
NE,023,0.6822790232682562
NE,024,0.8195344123484355
NE,025,1.5981326222015875
NE,026,1.394832012559355
NE,027,0.5126570987552995
NE,028,0.5653160743262636
NE,029,0.9036378575835302
NE,030,0.8407577841572854
NE,031,0.9215201025198291
NE,032,0.7787123537935252
NE,033,2.1010371313287255
NE,034,0.922815606059237
NE,035,1.4964747569585983
NE,036,1.0492611380972805
NE,037,1.757922812499688
NE,038,0.44642025875686814
NE,039,1.7833332590467679
NE,040,0.41969280552637384
NE,041,0.5855474877383356
NE,042,4.753245109153825
NE,043,0.45641817677593294
NE,044,0.5751614424537959
NE,045,1.7204204623137889
NE,046,1.1532335901646464
NE,047,0.7796973762912944
NE,048,2.8295930074230626
NE,049,1.030632428200157
NH,001,0.9576916060524648
NH,002,0.7276605774032999
NH,003,0.8833635131491282
NH,004,0.8244456476043474
NH,005,0.5423420003489338
NH,006,0.6293823699385543
NH,007,0.8512848080158035
NH,008,0.6948770803840153
NH,009,0.30305275401441883
NH,010,1.304568188526787
NH,011,0.7101739348847834
NH,012,0.24239863503222597
NH,013,1.057768820143214
NH,014,0.6463741941649552
NH,015,0.8446890881131088
NH,016,0.9542155031449838
NH,017,0.6902796069125962
NH,018,0.5314624235131423
NH,019,0.7057023553489664
NH,020,0.8086244433375493
NH,021,0.5198855874407282
NH,022,0.4629557926344003
NH,023,0.6946301463204922
NH,024,0.9722379688270788
NJ,001,0.9553543727904992
NJ,002,0.7706019450015503
NJ,003,0.7624017418084532
NJ,004,1.1430390177136363
NJ,005,0.6442858207728448
NJ,006,0.7842902610385346
NJ,007,0.5063791893770918
NJ,008,0.9069034755339855
NJ,009,0.8822614442080233
NJ,010,0.836964855237708
NJ,011,0.44336842192308246
NJ,012,0.5007044032465252
NJ,013,1.4499700527375512
NJ,014,0.4005638372951654
NJ,015,1.1453403374908924
NJ,016,0.7406766354852456
NJ,017,1.1560565903123894
NJ,018,0.6712593626812441
NJ,019,0.7699243807350443
NJ,020,0.9767732924587247
NJ,021,0.47685363563406274
NJ,022,0.29048530848216036
NJ,023,0.3939382674873897
NJ,024,0.8830042348146933
NJ,025,0.7210177316086105
NJ,026,0.6845666539118448
NJ,027,0.8000598791210393
NJ,028,0.3236066136371793
NJ,029,1.024162876361588
NJ,030,0.693072749193877
NJ,031,0.8876822148790339
NJ,032,0.3015195446453042
NJ,033,0.745445981620514
NJ,034,0.2919621310661664
NJ,035,0.7378423778884131
NJ,036,0.4744255290581846
NJ,037,0.9012189183456603
NJ,038,0.5723908531680865
NJ,039,0.4470499298340149
NJ,040,0.5780499391320902
NM,001,1.004274816023123
NM,002,2.776443923826769
NM,003,0.32044829076314074
NM,004,0.8515398613878643
NM,005,1.6531904939670563
NM,006,0.7092119145607709
NM,007,0.7518387309061542
NM,008,1.0580155545141565
NM,009,0.958343844532719
NM,010,2.3366614109614283
NM,011,0.8141867141155164
NM,012,0.7323624542884769
NM,013,0.7165968933973486
NM,014,1.3649273866777512
NM,015,0.8113318587640083
NM,016,2.336591623946596
NM,017,0.442470155340678
NM,018,0.8504066973943372
NM,019,1.5674586666186003
NM,020,1.9748451406803629
NM,021,1.2627523287339397
NM,022,0.6007140373273108
NM,023,5.480836524712532
NM,024,0.4915769943594352
NM,025,2.775835596119091
NM,026,1.0404580569507178
NM,027,0.7660391633559207
NM,028,0.7682058298168372
NM,029,3.292392279983722
NM,030,0.5023243302651047
NM,031,0.6658834840140194
NM,032,0.8585487205007738
NM,033,0.29617675900374346
NM,034,0.3203902424471513
NM,035,1.096115549936836
NM,036,0.6743144415877758
NM,037,10.726502315164456
NM,038,5.4669159675242085
NM,039,0.504061774923808
NM,040,0.6976190385605353
NM,041,0.4387886680428566
NM,042,0.39806211476628367
NV,001,1.2230467639287355
NV,002,0.8387653492165186
NV,003,0.7390898514355917
NV,004,0.6178348806097208
NV,005,0.39818910856275985
NV,006,0.9743282213620172
NV,007,0.7087871916533335
NV,008,0.7607551822861123
NV,009,0.8160744550502572
NV,010,1.0576094247927206
NV,011,1.156089273798594
NV,012,0.5520067929283032
NV,013,0.9293436307004339
NV,014,1.258179483711666
NV,015,1.6629550571932858
NV,016,0.8382505013117398
NV,017,1.671124926541864
NV,018,0.8145576374010927
NV,019,0.522741265720302
NV,020,0.4180439358000041
NV,021,1.8947389839081348
NY,001,0.9131398155594991
NY,002,0.670942619721817
NY,003,0.6913108329817158
NY,004,0.9556081080023093
NY,005,0.9985415756927014
NY,006,0.4752475307317075
NY,007,0.7313933014555812
NY,008,0.9262648265774266
NY,009,1.4707539026506034
NY,010,0.5368388614931748
NY,011,0.6206601603365494
NY,012,0.4214739123940392
NY,013,1.338429289818082
NY,014,0.5413895333583117
NY,015,1.0178476750123857
NY,016,0.3270656500317139
NY,017,0.5841289905741007
NY,018,0.3628290092932377
NY,019,0.8974825759364427
NY,020,0.1776157881144105
NY,021,0.658889514267721
NY,022,0.5604126524403912
NY,023,0.27706996207402856
NY,024,1.373018718488535
NY,025,0.6269735372143488
NY,026,0.8261858227784319
NY,027,0.7684442449475126
NY,028,0.38760731804873666
NY,029,0.3386263489214603
NY,030,0.62088172824441
NY,031,0.2798796961358951
NY,032,0.4747405020999779
NY,033,0.8545866904730608
NY,034,0.8834000669772933
NY,035,0.5190292551491139
NY,036,0.7459955845955908
NY,037,0.6411446098855644
NY,038,0.892478922444173
NY,039,0.7986307379343648
NY,040,0.6944666512625917
NY,041,1.1584345139919845
NY,042,0.8900083136850756
NY,043,0.6924064736974932
NY,044,1.1916165329309325
NY,045,0.5872562842673802
NY,046,0.46558918890164125
NY,047,0.39625492712373006
NY,048,0.5254466934881066
NY,049,1.7683176249337411
NY,050,0.9783783015568407
NY,051,0.3614988276141079
NY,052,1.1991821527338768
NY,053,0.7079903046200192
NY,054,1.0477433484403567
NY,055,2.231181742304044
NY,056,2.9565588364826807
NY,057,0.45610596217102695
NY,058,0.8176970235867962
NY,059,0.32968302391310433
NY,060,0.9701463322232964
NY,061,0.16922433144753402
NY,062,0.5942639989008199
NY,063,0.8297535514560624
OH,001,0.6994721858710168
OH,002,0.2830177327549484
OH,003,0.5154022353130246
OH,004,1.132770196296582
OH,005,1.2041592210603447
OH,006,0.865364192235413
OH,007,0.6343838407009825
OH,008,0.5629545953252999
OH,009,0.8869037345486434
OH,010,0.9133764424283195
OH,011,1.1396463929483573
OH,012,0.7647423019195635
OH,013,0.7655327405909172
OH,014,0.2650145071578254
OH,015,0.7534555892182049
OH,016,1.0353973022177103
OH,017,0.5138145437829896
OH,018,0.6084917709794184
OH,019,0.6692122417032026
OH,020,0.5347272105351671
OH,021,0.7650820499309476
OH,022,0.42953380143111974
OH,023,1.126951592109208
OH,024,0.3030665161721013
OH,025,0.28376829866260805
OH,026,0.7320519617493434
OH,027,0.5287175320288787
OH,028,1.2207097880168427
OH,029,1.2619277842569634
OH,030,0.3555730918030302
OH,031,0.3970563026626109
OH,032,0.6885633954375157
OH,033,1.1758923120986473
OK,001,1.0957343322408488
OK,002,0.598465800237365
OK,003,0.4520083255146496
OK,004,0.9622725077251281
OK,005,0.7885592491035055
OK,006,1.2508158758306134
OK,007,0.9723428103334981
OK,008,0.7158944477636752
OK,009,0.5133201476267085
OK,010,0.5195102086222799
OK,011,1.6290779763967318
OK,012,1.0284470960788565
OK,013,0.8103670385417366
OK,014,1.381202504729573
OK,015,0.7028490336349045
OK,016,0.9918444209923392
OK,017,0.3963798751849149
OK,018,0.699412130359564
OK,019,1.5714618917548815
OK,020,0.5003485015488649
OK,021,1.3577305279536596
OK,022,0.5033515212175557
OK,023,0.9379004535311032
OK,024,1.3349742169071364
OK,025,0.73388381705175
OK,026,0.4783004999495331
OK,027,0.35733317249360225
OK,028,0.8411810643039794
OK,029,1.1264032754457514
OK,030,0.43085921273204314
OK,031,1.059671177612286
OK,032,3.447586974083057
OK,033,1.2100091615684065
OK,034,0.8557685714149466
OK,035,0.49320989690815104
OK,036,0.7355659373505029
OK,037,0.6298042781214455
OK,038,0.7486094974759973
OK,039,0.6015339740496772
OK,040,0.806881571555124
OK,041,2.0492934951441857
OK,042,1.0943556014283629
OK,043,0.5232482987034563
OK,044,0.5543162713584362
OK,045,0.27353898056990195
OK,046,0.6147236557506575
OK,047,0.4832067385711635
OK,048,0.5203320317361843
OR,001,0.7931486490601516
OR,002,0.6693279387389581
OR,003,3.8305622915877215
OR,004,2.2861742579507016
OR,005,0.36260478933396745
OR,006,1.876321207545714
OR,007,1.3861591882823767
OR,008,1.0002057489788703
OR,009,1.7091847023730375
OR,010,0.6882899493544132
OR,011,0.22674981361271934
OR,012,0.8376988723310115
OR,013,0.2682109890633522
OR,014,0.6058312188204996
OR,015,0.7071736995052775
OR,016,0.5448625979262173
OR,017,0.5804884341592788
OR,018,0.35571874986962604
OR,019,0.8847353353360013
OR,020,0.9652518518436848
OR,021,0.8112219912411086
OR,022,1.0692993963563826
OR,023,0.7733769150599866
OR,024,0.5262660220695514
OR,025,1.3713184742284914
OR,026,0.42544707184748015
OR,027,3.5854033219543555
OR,028,0.7497666362457732
OR,029,1.009942355404159
OR,030,0.43012406668313274
PA,001,1.294476618311383
PA,002,0.534196347324308
PA,003,0.5465860826859016
PA,004,1.1425876161724877
PA,005,0.6522036202038144
PA,006,0.769338825840731
PA,007,0.4496376224648372
PA,008,0.6161694364962648
PA,009,0.6545691215648569
PA,010,0.3827542221171771
PA,011,1.4917474737372876
PA,012,0.4621635525486741
PA,013,1.4569783082038936
PA,014,0.6872302848269998
PA,015,1.234113444164939
PA,016,1.4595804987684668
PA,017,0.7775551269043777
PA,018,0.5422600813667943
PA,019,0.411630353793835
PA,020,0.5242492815577725
PA,021,0.4895113379750453
PA,022,1.1009347748822371
PA,023,0.7011730754544601
PA,024,0.6291663595520417
PA,025,0.46854458210101924
PA,026,0.7729883513497502
PA,027,0.7350492834164349
PA,028,1.2876863772301739
PA,029,0.9034321482554929
PA,030,0.4367880475168208
PA,031,0.9573463242829474
PA,032,0.5972608036987075
PA,033,0.5365846400354829
PA,034,1.3612338896685288
PA,035,0.7745393521411211
PA,036,0.5479152653362186
PA,037,0.7578143180484189
PA,038,0.8273623604626299
PA,039,1.1712180514464061
PA,040,0.9171262217013423
PA,041,0.8299798191717848
PA,042,0.7141491507703923
PA,043,0.7302494818613895
PA,044,0.5540708348450066
PA,045,0.5000945458575057
PA,046,0.9876558944015287
PA,047,1.182625702838487
PA,048,0.5041474808559433
PA,049,3.0620826877537075
PA,050,0.7219540725837329
RI,001,0.8255937263902648
RI,002,0.9974165083442548
RI,003,1.2863408110445198
RI,004,0.6956823194383689
RI,005,0.6242812662056509
RI,006,0.428558894047461
RI,007,0.5058509389952074
RI,008,0.812181887747384
RI,009,0.8595851418509036
RI,010,0.3755543637536324
RI,011,1.379107582230276
RI,012,0.6254446812629199
RI,013,6.644030050643173
RI,014,1.039574345674702
RI,015,0.5897134210345595
RI,016,1.1690463087837764
RI,017,0.42824634948932255
RI,018,0.19009308375308093
RI,019,0.9261095913507891
RI,020,0.8841138230025333
RI,021,0.8842291234026937
RI,022,0.875379916686819
RI,023,1.1255427297305345
RI,024,1.3851240704867231
RI,025,0.998587015583586
RI,026,0.6523705025666422
RI,027,0.7521128800087824
RI,028,0.6114815167440851
RI,029,1.1968625182568797
RI,030,1.0085505845975302
RI,031,0.401919901160508
RI,032,0.806841941661027
RI,033,1.1176827961144766
RI,034,0.8673944513270048
RI,035,0.2399836033980441
RI,036,0.6777294164482026
RI,037,1.544646785345258
RI,038,0.9880331686898346
SC,001,1.6497413964090524
SC,002,1.4541873378416195
SC,003,0.7611581756738754
SC,004,0.5222590223152235
SC,005,1.2717429501417796
SC,006,0.8148281816683282
SC,007,0.874375466196625
SC,008,0.5132890799549622
SC,009,0.7662731541978702
SC,010,1.0083243277022846
SC,011,0.9156873170613307
SC,012,0.6204900149216342
SC,013,0.6522963231835391
SC,014,0.5006107761849184
SC,015,1.1511889038792413
SC,016,0.4253119670719213
SC,017,0.8955377292079706
SC,018,0.6997969839344867
SC,019,0.824243395634414
SC,020,0.2776457269663972
SC,021,1.8347495712889148
SC,022,0.7998965168264187
SC,023,0.7887200658514564
SC,024,1.074255834103214
SC,025,0.4064152163921835
SC,026,0.3280461178938667
SC,027,0.5944703247558496
SC,028,0.6156664303445463
SC,029,0.6896599693006956
SC,030,0.7737577671672967
SC,031,0.9508246460855713
SC,032,0.816153563276037
SC,033,1.2144055511476826
SC,034,0.24201647623385944
SC,035,0.6031615294862324
SC,036,0.9355629247951383
SC,037,0.8573589744593103
SC,038,1.2505749066728589
SC,039,0.8495518355118369
SC,040,0.7541055827077745
SC,041,0.8410269881134677
SC,042,0.4457151823134606
SC,043,0.20170933430009425
SC,044,0.8268904679935568
SC,045,0.5252764638593624
SC,046,1.1079957860945995
SD,001,0.5549236979372527
SD,002,0.4037875694601875
SD,003,3.4016154101268796
SD,004,0.6274586068210518
SD,005,4.0539021269458555
SD,006,0.9876950387873221
SD,007,5.503468392173705
SD,008,0.49867341663757364
SD,009,1.0918458341879849
SD,010,0.8898264136292313
SD,011,3.0600596424568662
SD,012,0.6981052436580278
SD,013,0.875247959018585
SD,014,1.1539836141589523
SD,015,0.6858065839504522
SD,016,0.3321019481758656
SD,017,0.583859424020396
SD,018,2.9793008194627295
SD,019,0.6971173768377142
SD,020,1.2890759367353237
SD,021,0.3558644536227475
SD,022,0.6939511098703031
SD,023,0.6507238908032785
SD,024,2.724358494984159
SD,025,0.7220803756579086
SD,026,0.4825461376236384
SD,027,1.2389700028931343
SD,028,0.36682993337833625
SD,029,1.4493315019049922
SD,030,1.245059239044604
SD,031,2.6270332389157827
SD,032,2.6905942428619936
SD,033,1.1011082892880255
SD,034,0.7885862802192553
SD,035,0.9760126939076916
TN,001,0.6734790667391145
TN,002,0.9315785981425945
TN,003,1.5240867113679322
TN,004,0.6243648920431247
TN,005,0.7434046595096269
TN,006,0.6874821786947906
TN,007,0.43591487073054114
TN,008,0.5132156738030432
TN,009,1.008030538966389
TN,010,0.418995547508874
TN,011,1.3492966564698454
TN,012,0.587620357244754
TN,013,1.2387275761319436
TN,014,0.7498856672645394
TN,015,1.1408203725863693
TN,016,0.9767562274487097
TN,017,0.7450947146096331
TN,018,0.9657030030537109
TN,019,0.5711255170083392
TN,020,0.5620799468517945
TN,021,0.41851860514693306
TN,022,1.7427985430921646
TN,023,1.40181410019915
TN,024,0.9250066687108386
TN,025,0.6652689433706065
TN,026,0.6251675344116087
TN,027,0.6173123767213445
TN,028,1.034698142474709
TN,029,1.0244068874124495
TN,030,0.7759372293812128
TN,031,0.7534649565823542
TN,032,0.8368318401402219
TN,033,0.8681653115653732
TX,001,1.000041030684902
TX,002,1.3253847598071928
TX,003,0.6611671720009058
TX,004,0.29854363036003795
TX,005,0.4629551468763001
TX,006,0.5535348291184095
TX,007,0.7868906528521014
TX,008,1.1330769437020245
TX,009,0.5668607101475107
TX,010,0.8694935162109554
TX,011,1.4942689196443883
TX,012,0.47099061827771455
TX,013,0.6102976340415253
TX,014,2.004386610423706
TX,015,0.4350600889177558
TX,016,0.5730841817809822
TX,017,0.7495374793910432
TX,018,1.028374688536117
TX,019,0.8251318722945233
TX,020,0.2006391408216175
TX,021,0.2985541782900632
TX,022,0.9721203957183445
TX,023,1.2224180973933492
TX,024,0.5423078010981308
TX,025,0.8226238198327493
TX,026,0.6209976943660087
TX,027,1.2562937046059257
TX,028,0.9537224628576284
TX,029,4.532319981951236
TX,030,0.6457404380619953
TX,031,0.5001425447154
UT,001,1.923911787086514
UT,002,4.039022772335802
UT,003,0.7523113194203022
UT,004,0.9028640899664852
UT,005,0.5058224874291328
UT,006,0.9086525646474494
UT,007,2.294385863019872
UT,008,2.8314393267374807
UT,009,2.644914237584857
UT,010,0.8104863495648718
UT,011,0.8274328468972275
UT,012,0.5198010257998661
UT,013,2.580188133768353
UT,014,1.9524462864094436
UT,015,0.7420512294493361
UT,016,6.367861744917279
UT,017,1.9738751236439276
UT,018,1.2774052815348473
UT,019,1.0338872898455331
UT,020,3.2589184031602723
UT,021,8.322585893613457
UT,022,1.597651641042807
UT,023,1.6328108971234072
UT,024,1.5696502471325267
UT,025,5.839974323359494
UT,026,0.6353752777656808
UT,027,0.4942075950020263
UT,028,1.654143831268626
UT,029,5.463972407972806
VA,001,0.4484324965804017
VA,002,0.9416540573301749
VA,003,0.6622305823333509
VA,004,0.47986991881490604
VA,005,0.7418783025060447
VA,006,0.5570349637705455
VA,007,0.9892960308117814
VA,008,3.1710716481969525
VA,009,1.285942454583052
VA,010,0.7429096479218318
VA,011,1.1453832125062078
VA,012,1.821414973652363
VA,013,0.6666671534716347
VA,014,0.6807179612208208
VA,015,0.32963169376958146
VA,016,0.5102793886841945
VA,017,0.3669561674827542
VA,018,0.41862059837483645
VA,019,0.47296824694662726
VA,020,0.33421160572806674
VA,021,0.35689416772112814
VA,022,0.4186971064421893
VA,023,0.7415347357817502
VA,024,0.5519557486794361
VA,025,0.42770928422355065
VA,026,0.621756869475076
VA,027,0.5385838851634289
VA,028,0.4231184271336001
VA,029,0.24850730562243323
VA,030,0.7060762392401405
VA,031,0.19364736529884402
VA,032,0.24812714284369133
VA,033,0.479760855482199
VA,034,0.4643792724736731
VA,035,0.6109789644270357
VA,036,0.35140780204310584
VA,037,0.2766411183323511
VA,038,0.24192442232397998
VA,039,0.41376400991177387
VA,040,0.28823455395237235
VT,ADD,1.3754401136922136
VT,BEN,0.9983764139568957
VT,CAL,0.7098928987924192
VT,CGI,0.7802562290328993
VT,CHI,1.932951980535409
VT,E-O,0.7599253023210628
VT,FRA,1.180409939862342
VT,LAM,1.2341481489938744
VT,ORA,0.6608083655963017
VT,RUT,1.6837117608647356
VT,WAS,1.3382082168962424
VT,WDM,1.0931659127026554
VT,WSR,0.83381954195719
WA,001,0.744615172482559
WA,002,0.9588469580873665
WA,003,1.012897582255267
WA,004,2.051520566735651
WA,005,1.8929480358903248
WA,006,1.168253523735253
WA,007,0.6193238450088859
WA,008,3.1202765958826357
WA,009,0.34749677742221763
WA,010,1.1595569610978202
WA,011,0.48718075443992603
WA,012,1.863393842367098
WA,013,0.6181643543462708
WA,014,0.8298194542798712
WA,015,0.8648858895043112
WA,016,0.6034688263653671
WA,017,1.0148622319603495
WA,018,0.7009175187039776
WA,019,0.407051515780487
WA,020,0.9844432298502902
WA,021,0.9189193006930065
WA,022,1.3679630247912786
WA,023,1.5204714590449984
WA,024,0.7125019920104267
WA,025,0.8682712852325954
WA,026,0.9191231652228061
WA,027,0.9953042467670711
WA,028,1.0929598340451454
WA,029,0.6516135260065454
WA,030,0.8936330282032156
WA,031,4.360286502142253
WA,032,0.9029208351608046
WA,033,0.8664728946167706
WA,034,1.9949901516103703
WA,035,0.8559414354352712
WA,036,1.6461790633361375
WA,037,0.5084412102941854
WA,038,1.0361115207471594
WA,039,1.9516988847621282
WA,040,0.8605503381716555
WA,041,0.5844018817461141
WA,042,3.8042459232969787
WA,043,0.9186716258338049
WA,044,0.6514951398051563
WA,045,0.6887209153731317
WA,046,0.9140177118666231
WA,047,0.9667093277470649
WA,048,0.9470012032457291
WA,049,1.3427293452137319
WI,001,0.9508233687616386
WI,002,0.6858202950283329
WI,003,1.1040450791488436
WI,004,0.5674316971171821
WI,005,0.9218254881767795
WI,006,0.7445856422706404
WI,007,5.376233851443991
WI,008,1.7184527601667838
WI,009,2.405496112824675
WI,010,0.755267762102726
WI,011,0.6252661592947387
WI,012,0.7598660953917495
WI,013,0.6718340323056728
WI,014,0.6123353457943564
WI,015,0.9971616930188365
WI,016,0.899645363252075
WI,017,0.6708175735959692
WI,018,1.1092165053405916
WI,019,1.7072759255504948
WI,020,1.8873586011326007
WI,021,1.6849867856577787
WI,022,0.4692508884902033
WI,023,0.5033836920088656
WI,024,0.5742307217281206
WI,025,0.7303154938220177
WI,026,0.6857757040454587
WI,027,1.0589066769065907
WI,028,0.9346994410577085
WI,029,0.4054377939607735
WI,030,0.7108062396312639
WI,031,0.5558376595273832
WI,032,1.0312174516888
WI,033,1.2501189484540087
WV,001,0.40228440319921155
WV,002,0.49348420067325854
WV,003,1.0755515087012817
WV,004,0.6815318992024721
WV,005,0.8465225952308464
WV,006,0.17780149826301359
WV,007,0.8624263854165867
WV,008,0.9624088478424349
WV,009,1.1044860663565688
WV,010,0.7784322799551256
WV,011,0.5505556680647468
WV,012,0.5155269796676772
WV,013,0.6063241137454076
WV,014,0.5131452583507494
WV,015,0.4344012891429457
WV,016,0.989360158172308
WV,017,0.9527475435497477
WY,001,1.1366458063110896
WY,002,0.7953618418384104
WY,003,0.4417363132470253
WY,004,9.011750983301019
WY,005,2.1226343429255903
WY,006,0.6130036195481021
WY,007,4.603701951427177
WY,008,4.778353894239614
WY,009,1.4796657298234155
WY,010,7.847470357910453
WY,011,1.0488064553230918
WY,012,39.791968116464254
WY,013,0.16114347524215375
WY,014,0.620649911934234
WY,015,0.7597112288421773
WY,016,1.3211417903070528
WY,017,8.20043946914065
WY,018,3.2816225088831024
WY,019,1.0920120748552562
WY,020,2.4340559638174826
WY,021,3.3810368822992882
WY,022,2.5558539484925724
WY,023,0.6948154924755596
WY,024,1.28297944190266
WY,025,4.5533156855646
WY,026,1.2643816839397963
WY,027,2.8516980305529427
WY,028,0.7586607669543327
WY,029,3.597789868797926
WY,030,8.367925718313362
