,,tl_2014_us_cd114_adjusted_moment_centroid,tl_2014_us_cd114_area_per,tl_2014_us_cd114_convex_hull,convex_hull_pop,population_moments
AK,00,0.32602059092194347,0.06212068552379167,0.07936196314183694,1.0,0.6414627241089135
AL,01,0.8502870342838958,0.15970056263789845,0.7121661160780042,0.9693818880814098,1.6334186417293388
AL,02,0.8950537936578337,0.21481733978016848,0.742356009057277,0.8181816003201695,0.8183489589207343
AL,03,0.8256575021716689,0.22624941643847216,0.7332744890064082,0.7706421500633719,0.6324777168637903
AL,04,0.7269474829981393,0.18575472958302514,0.6234007650792167,0.3388769034619769,0.5308772844927677
AL,05,0.6272228741341341,0.26259080430795445,0.7776533507981446,0.8751610120722205,0.7738515391575042
AL,06,0.828208388135286,0.13443579023741423,0.6908354037960414,0.6023732563596778,1.6781843984097518
AL,07,0.8899464361172104,0.13198431137787012,0.6209969858636644,0.4765124885463794,0.7463852449507922
AR,01,0.8498385948738467,0.125610952569831,0.7041622791088787,0.5146630941720504,0.8147185430444949
AR,02,0.8683808768482215,0.24065667253228168,0.7110337034220091,0.8618078544507333,1.7173367640945933
AR,03,0.6405573106217114,0.13983515851636957,0.5261784782443619,0.8393641348277348,0.5634147535518823
AR,04,0.853111233531359,0.27944124720256724,0.7973106167092826,0.5128947488769203,0.8279856509598934
AS,98,0.10897009104391112,0.193103286016751,0.02491540055184166,,
AZ,01,0.8702449352509972,0.20356379027532753,0.7419898288186326,0.142867114537857,0.8567747742087014
AZ,02,0.8911398306268877,0.46779307070873527,0.8849290065505175,0.7077922207261399,1.4991825092489428
AZ,03,0.7404039966654898,0.24647378041083812,0.7458299167433441,0.5337641544127324,0.28008621248876425
AZ,04,0.7967428068935426,0.12099566396685714,0.623498655805732,0.14964086983454097,0.5825042851737239
AZ,05,0.9451225943660595,0.5167480176799907,0.8809718090921134,0.8167956230745692,1.0822738289752833
AZ,06,0.9500379338982677,0.3186076528673957,0.822463602001027,0.7362997502634264,1.5446608999785612
AZ,07,0.9386891115353284,0.40680956938847307,0.8356129142845189,0.8404818820856311,1.0492271011661827
AZ,08,0.7942586162809416,0.20325756044770185,0.65949451786394,0.7485625235101295,1.2229298308715433
AZ,09,0.7170189499218835,0.15000405425314048,0.5391932675018846,0.6516540231371546,0.5156090427114183
CA,01,0.9261477901092893,0.28451351295814564,0.8666033221186932,0.7695133018990827,1.4990306768537993
CA,02,0.7018610292216727,0.181649561307129,0.6092413386848096,0.6354937314490763,0.3425557961987743
CA,03,0.8035571423697164,0.15189867555556813,0.6274903751842389,0.2733431796422508,1.1169762681949218
CA,04,0.7774434826046385,0.29095018920591753,0.8233291868469844,0.5321582394487224,1.0520011437838532
CA,05,0.8165541046520791,0.1642713691325982,0.7297035557450146,0.8095232611036571,0.8033656321417975
CA,06,0.8509407475739151,0.19843449957058254,0.6664183879320109,0.8034793284134866,0.8420527117463741
CA,07,0.9726307678432498,0.45770032020778467,0.8923294790203243,0.8230059377791933,1.2017200532530312
CA,08,0.7049367972717865,0.2735547829727134,0.8124202705497302,0.5134752508735008,1.775783098762217
CA,09,0.9070673668887956,0.3441734357785358,0.8425322655189288,0.8329140771723611,1.0967818079682923
CA,10,0.8480380105516293,0.32731170507951524,0.7638531400656491,0.9245845144063505,1.689237601692509
CA,11,0.7171303887016128,0.2198337163871432,0.7692217818648035,0.6465019383855525,0.7559473770358132
CA,12,0.8220635172209132,0.34664092943511127,0.7109702488809073,0.8893636457956389,3.1814162149551697
CA,13,0.8993418755215061,0.3493528787291388,0.8974033192606313,0.9831974498951677,1.2375383336863468
CA,14,0.5307812091612518,0.2647943224554957,0.5067293582531505,0.692786848083737,1.4744812491213122
CA,15,0.8061184664009876,0.2822640994143679,0.7643860963942002,0.6655779774812739,1.613601309758736
CA,16,0.8107722556961932,0.2553562526618406,0.7448732605299797,0.6938013265950727,0.5537913401465915
CA,17,0.9223469345915976,0.24251744564775493,0.7763032858209026,0.8050060580241909,0.8205983735583442
CA,18,0.9350075358874717,0.2265472954811508,0.8021531395521557,0.5643273375434676,1.4228064248168515
CA,19,0.8981277486742195,0.2106920281910734,0.7752578559819259,0.7312227964613554,2.611933773252028
CA,20,0.8900322354147846,0.3965481104622766,0.8967587333910199,0.9465769388813666,2.3977531434774195
CA,21,0.8008217656748385,0.19102631067927614,0.7158788803599759,0.403650695114815,0.6208007508611035
CA,22,0.7424718981397966,0.17179496720995097,0.5607196961540102,0.589097293809033,0.41155140546171837
CA,23,0.8785935910802523,0.19426879890038976,0.7202786058244851,0.5023028335035298,1.1419755000613259
CA,24,0.7835290889195793,0.1828323573973035,0.5739812520043397,0.4978898769342795,0.9960896085937809
CA,25,0.7084271934138868,0.21720573897401796,0.6897778202449578,0.6645345484453435,0.781090926121306
CA,26,0.5326289864879937,0.18296658069453722,0.3770976318560142,0.8074429920841963,1.7443100486741958
CA,27,0.8889095263350487,0.2236677634802819,0.7574042388582757,0.48587690514718945,1.3736346441604368
CA,28,0.8507842064193638,0.16835859471464903,0.7072582376279825,0.61842906362507,1.732972303302774
CA,29,0.8656633292192139,0.21086195210780007,0.6886727770282871,0.9110368300446896,1.2602719899438943
CA,30,0.7617750578593865,0.18799870455966497,0.6522108744812823,0.5721195210237868,0.7142119148136868
CA,31,0.6115691246781515,0.08388933118068466,0.5882956286436152,0.660269422576,0.36762710790756015
CA,32,0.8230087535726011,0.12223848821454997,0.6496398631022262,0.7964026739179696,0.8519475282793019
CA,33,0.6447571173402641,0.18636161928442874,0.5784656940699683,0.37729002808875683,0.712845932198648
CA,34,0.8503337322378215,0.26290487556834424,0.7275232965646639,0.7717333544134245,0.6913217701400233
CA,35,0.6488699056044418,0.21425882459113285,0.6075331592769878,0.650302065890146,0.36913306978789184
CA,36,0.6705327118503728,0.33021953488015277,0.9409258746494383,0.9818795686968571,1.0638127683432694
CA,37,0.8397747112299866,0.3157925911779621,0.817663972138438,0.8309638369055078,0.6318547491152287
CA,38,0.8895384441223277,0.1851767653660723,0.7182948460823023,0.7227873960504323,0.8177320924180032
CA,39,0.8649217358337711,0.20157751311030667,0.7523167401050588,0.6791777382692433,0.7825104436771982
CA,40,0.7771590167142302,0.21588202743344295,0.6539185238487945,0.6692590109990555,0.5570373403186919
CA,41,0.8198321525604555,0.18121857703021338,0.7374555677185111,0.9383551311540408,0.8840310989162125
CA,42,0.7776683650901491,0.11054357391741795,0.6287606983585865,0.4479933206289316,0.7001884078869429
CA,43,0.8104266936262363,0.30229024851648517,0.7242208020884777,0.7921285699957514,0.742629087896744
CA,44,0.650369775918005,0.23417717364942817,0.6678802836651728,0.667939377410683,0.691092179505869
CA,45,0.902797364061574,0.3242044843172108,0.8567410537241786,0.8687987523356633,1.1702772643208388
CA,46,0.8683727735728003,0.27152757873031164,0.729014704740984,0.7452397700536056,0.7618708255306219
CA,47,0.4469884673690136,0.163375081818835,0.32425430909665853,0.5471301977036579,2.8190203388807666
CA,48,0.7195777942810382,0.2613383692576462,0.7780346410107447,0.7126134887451818,0.6374490307603259
CA,49,0.7431841839157017,0.19485537802254535,0.6735552828014173,0.7446379639250877,0.5552435609198904
CA,50,0.8916883370594333,0.2202288544431863,0.8054187178041399,0.6517322844866752,1.5851503027135172
CA,51,0.7063107452930979,0.2209536874082304,0.7412141907966754,0.49106464197089267,0.4346409083583857
CA,52,0.7694239713413675,0.11925058446708191,0.6592554490982834,0.518694747406172,1.1267773693182974
CA,53,0.7997387939234367,0.15302564336733554,0.7022663508627289,0.6499175240955389,0.7274401741477541
CO,01,0.5433047443852166,0.09457471706370783,0.5335915544221476,0.6536973571355885,0.8165537307917499
CO,02,0.9052158937205597,0.2255527298510999,0.7644091724439038,0.4664681333214793,1.5565614792698297
CO,03,0.8701397388312339,0.3441224859116754,0.7892120773862208,0.34815507954014613,0.7373774513976435
CO,04,0.8852764234483067,0.3671606709265072,0.8132995318550451,0.1763791653107213,1.5177859045552466
CO,05,0.8091194425443415,0.37181247432701486,0.7962842689417536,0.9501288073549793,3.1429697381759345
CO,06,0.6964112449583661,0.11207061067999971,0.5607377609436377,0.4603602210327654,1.0085198750217907
CO,07,0.7214368135427762,0.1383380828617201,0.6296904764306689,0.57125626047056,1.116249875228857
CT,01,0.7539581329026196,0.17192000759396575,0.6730201442734776,0.7193613280640685,1.1005720229652243
CT,02,0.9413773600866998,0.4138203032408778,0.8362541048797281,0.5717884151131147,0.8491512328340254
CT,03,0.8183439950867709,0.19531092786183687,0.684460517243136,0.8066514248055647,0.8115150114575604
CT,04,0.781012223520823,0.31224884531230274,0.7008225931550615,0.8243504434167888,0.7034534082875851
CT,05,0.8706769820213839,0.23068676447205483,0.7490379836293751,0.7232882589356182,0.7020015933716897
CT,ZZ,0.4199737252479107,0.12129361086024433,0.7570433230091258,0.0,
DC,98,0.90658763086202,0.4936212380255574,0.8561329089201264,1.0007151255710611,1.031167216319764
DE,00,0.7759678977036688,0.4910054886660512,0.8399318161105664,1.0007567525396905,0.4902593323183419
FL,01,0.7949355802901438,0.3525031010469773,0.824262755819994,0.9877065922282174,1.0237163174137784
FL,02,0.8099972228469376,0.4043996724606326,0.7832003861107161,0.9915842535831002,0.7944721787868401
FL,03,0.9291085347731559,0.36110698766717525,0.7928813757436027,0.7901347896684326,1.017232202753024
FL,04,0.7861231937724281,0.12937106454967384,0.7289568816818267,0.6455786330340977,1.7733699218353167
FL,05,0.44410467429723205,0.038487327754245744,0.2861144125833847,0.32093550594888315,0.08370942243094621
FL,06,0.7924691164878465,0.2604040612563533,0.7256426249542154,0.8218166840547417,0.626807976846756
FL,07,0.9036959546060938,0.21123775378829598,0.770560668949357,0.8651860595141951,1.0998129016026061
FL,08,0.7521202955623277,0.4211508883433712,0.7617681584935861,0.9782090759928974,0.8410128859236664
FL,09,0.907149790435289,0.32026121454110795,0.8002898499843033,0.7674229458187906,2.001541974711859
FL,10,0.8339473305758154,0.20040221053680707,0.7330155479696935,0.5619415144083533,0.6706284334917976
FL,11,0.8662319369308633,0.32856895144523224,0.7119217361856214,0.758592853804648,0.9304609272099966
FL,12,0.7930095072420629,0.3890281821875124,0.8088387614260095,0.6904756474721343,0.93597497348305
FL,13,0.9212175471363532,0.44181472135001315,0.8160104470389625,0.8706402036488757,1.5787527197133977
FL,14,0.8041138774858603,0.2502006692825211,0.6929219788721188,0.658966446268322,0.9746996776158591
FL,15,0.8704537782518023,0.2615504346719502,0.747057327383405,0.6943079006195821,0.7821274066993875
FL,16,0.8546593824886732,0.46697141632613504,0.8053835517865735,0.9710123505681652,1.1023691082081704
FL,17,0.949183672247806,0.34594439479392164,0.8174015850624543,0.6328190886090673,0.7656344650449323
FL,18,0.9261476499447324,0.47733183443939065,0.824871535631868,0.8793365803886112,1.0053949636016313
FL,19,0.7173866217381992,0.30652991519072537,0.6990243929028072,0.8090111253624804,1.0283728501412752
FL,20,0.9306223963469942,0.21637670475731854,0.7399601212822384,0.35339722673090845,1.0703111407827828
FL,21,0.6449696354813307,0.2664226305272508,0.604403786532297,0.850325308090207,0.37709507302039913
FL,22,0.5582743865719266,0.13380240256474327,0.6102167874277312,0.4287597092102313,0.33127020938028284
FL,23,0.6432157692696506,0.23350762214280335,0.5720975802344599,0.41466088493383,0.6181689547079972
FL,24,0.8536196888425523,0.2825621948157689,0.7309876630400275,0.7368192163746774,0.7799984039607791
FL,25,0.7784057368819287,0.3120899336558861,0.73283179990123,0.7411234180414845,0.34003307601269706
FL,26,0.6567810322745098,0.19722806564267967,0.4603075934773264,0.7656366479090663,0.947939407190622
FL,27,0.909215944194079,0.43336850093198753,0.8119468894501357,0.6934546808900502,1.5385979057858714
GA,01,0.8355474494419983,0.2193180295959202,0.7434126541022519,0.9272385209721898,0.8474600294325746
GA,02,0.8935819876986649,0.3097843992085045,0.829482590422851,0.7392416314303967,0.6595094976035664
GA,03,0.9092338347587835,0.2839230332345789,0.787208205284657,0.6128257198094501,0.7831514564628951
GA,04,0.9083271362233047,0.2622914906295234,0.803534704998513,0.8295615835355269,0.9088147376580552
GA,05,0.9339024958095817,0.3616026475505382,0.8563760264085907,0.8997684453857445,1.0518500031540863
GA,06,0.8972281177380537,0.2666145095834747,0.6693985604213945,0.7022859625014463,0.8556138678591504
GA,07,0.8892822569710249,0.255610746983582,0.7450699948104001,0.7857539479317005,0.9528855466652453
GA,08,0.7555432107536052,0.1566022461873396,0.6661789527872864,0.6660128221539717,0.493265196037634
GA,09,0.8331128186146788,0.2844485681783808,0.8451044666189809,0.9088359912055121,1.0071946624577703
GA,10,0.9067236219266026,0.27001278758015945,0.8069497994031158,0.6384685082016524,0.8244787146251925
GA,11,0.8665153678623678,0.27212114752355837,0.7509359224368786,0.5945788262143121,1.1901875186434685
GA,12,0.8605461810867336,0.18065059337430947,0.6824003093933498,0.8443703356615369,0.5748466889032059
GA,13,0.715939119906494,0.1594393762990249,0.6108031215181454,0.5008404468484329,0.5896137273680149
GA,14,0.8595007807824688,0.30850985920207946,0.7785262619995013,0.6680265830507951,0.6955949093676489
GU,98,0.832890858892609,0.6163687178745733,0.867966196805509,,
HI,01,0.7770613218300444,0.38738920507944435,0.7208295740959493,0.8433022447709997,1.1802779107432504
HI,02,0.11186506464496074,0.06465618754153991,0.06465513988418516,0.4997460120958523,0.15687575567877532
IA,01,0.8463306445578678,0.2622233934425636,0.6737955535784602,0.7369800335999133,0.9316978696676546
IA,02,0.7132675775265575,0.3167413418455858,0.7338492984849946,0.724045323656884,0.5460398131842114
IA,03,0.8174041303216794,0.43937442266867366,0.8338451375996236,0.9653857220539901,0.5614897092288269
IA,04,0.8386160365451022,0.3801433544015036,0.8810094292710812,0.8595818166426817,0.610804764535027
ID,01,0.7017384749307282,0.19665201393048934,0.7362044374918217,0.7768221040013473,0.5216059911423666
ID,02,0.9182385547930294,0.31241834490724485,0.8115735469896341,0.9422400646561055,0.5894653086867581
IL,01,0.5979141836275513,0.1196005099700327,0.628642302929468,0.5894031740204286,0.5916836456844089
IL,02,0.817575364845077,0.36162664734430366,0.8063345206739334,0.6331360000710577,0.9920576819678846
IL,03,0.7505073982837659,0.15713985046020126,0.6670112126792175,0.5777523993551467,0.5441123518986435
IL,04,0.5830223089982113,0.05040790699960466,0.41951229203347773,0.5038605276160438,0.4647780386146939
IL,05,0.6067369644236197,0.09029064655903875,0.4894889077625958,0.4214917864409606,0.41969690965892803
IL,06,0.6981590536666689,0.10724626033961435,0.5726326869330121,0.44972823258117534,0.4447965720024742
IL,07,0.5682199389497531,0.07300114460891298,0.5105608829539188,0.514073684096654,0.38843498505697743
IL,08,0.7775104724236425,0.12103727197531057,0.6043943584438102,0.69078678299164,0.5762786877135314
IL,09,0.6449050260115752,0.12633319100764692,0.5956729288909557,0.579875948182946,0.3745975769492429
IL,10,0.7822744187563474,0.182607396065461,0.6296184455756542,0.8055103223903602,0.5893126137315811
IL,11,0.7060025977038384,0.115930468750293,0.544582254117344,0.6843021877109153,0.5850071459056502
IL,12,0.781563348982569,0.2457580941979374,0.6502338939088133,0.7841287232509507,0.5413397064182239
IL,13,0.6510489848093116,0.18287205434185916,0.5595477479029204,0.6189681447358709,0.35266057281717256
IL,14,0.7343035255072002,0.15955386447165923,0.6506019401510897,0.2868897256260504,0.6326025800004842
IL,15,0.8274478360304057,0.21010789899861176,0.7049174973837925,0.5065794429717648,0.599699837017492
IL,16,0.7699246020263997,0.22834123708759732,0.6720534894276924,0.3306147385844071,0.8132986692655587
IL,17,0.7351277472804911,0.18764728116963045,0.5377387214431513,0.6975811938285152,0.474376936587682
IL,18,0.7715229822531687,0.22103987505514278,0.7391425261868023,0.6256656764501,0.6539205641413304
IL,ZZ,0.9563485152382865,0.6190610607863395,0.9722720526355949,0.0,
IN,01,0.9228808691098539,0.560875572412435,0.8764321452828886,0.9481594765013931,1.3253610960829423
IN,02,0.9171918159325965,0.4605655388724991,0.8261742317304622,0.8862065444829745,1.1323159392063002
IN,03,0.9270152515934191,0.545086539239192,0.8971154838903822,0.9434053436104138,1.4680498291159632
IN,04,0.9315204297870117,0.43688525531610933,0.8173706070601376,0.7591204418864894,0.9923645504649458
IN,05,0.8787014585809818,0.34075582531811177,0.7762788353897594,0.7566180965003855,0.9871251114331615
IN,06,0.9427657097996068,0.4864358555787978,0.8621418179391453,0.7926917025186229,0.8252869220201017
IN,07,0.9200710766701196,0.5064922790053865,0.9348083408759275,0.9476793515365096,1.007701128349299
IN,08,0.8267524129045996,0.2173183700447931,0.6946809999222121,0.8631333275026088,0.6587134312519214
IN,09,0.8926645821666886,0.36871603844586615,0.7995347444086577,0.8563036956387374,0.591272179223671
KS,01,0.798559242544875,0.40125755303876176,0.8789927453272683,0.7611343203948246,0.7003380304923579
KS,02,0.7855543121437472,0.35672820833178887,0.7363349106612117,0.571019597796849,0.8336234458264062
KS,03,0.9221337695695209,0.48914300083016743,0.8475328318122695,0.9867786133660928,1.8695126783924043
KS,04,0.6938659503070689,0.38207793162895987,0.8616231994040862,0.898852744516386,3.1725825360984636
KY,01,0.5640376766838564,0.12021420832523659,0.6177699932993366,0.6176427381816629,0.3552668087882659
KY,02,0.7770917626989214,0.11236441663095413,0.6366045184093416,0.684029580700475,0.530159719171214
KY,03,0.8689397832760472,0.3544901881014126,0.7808035694915592,0.9682784025957685,1.0278410210498905
KY,04,0.5465782384088479,0.12416545209460793,0.543137009933127,0.7046767927835584,0.29519300660267866
KY,05,0.8114091328457197,0.2274429143695495,0.78119714147687,0.8008388808426014,0.6264002471774239
KY,06,0.8731878346856785,0.16446172378531468,0.7594504741497453,0.9075773054843657,1.5295978211026837
LA,01,0.8241121023452855,0.15311698855692765,0.6714189518892262,0.5026719073446012,2.1605573638653133
LA,02,0.5173849559173571,0.05594999223911314,0.38305797359470656,0.4746581125702999,0.23925228213566307
LA,03,0.7673649627475321,0.3034988453479512,0.8014535270956719,0.9488645211197565,0.8545941990829907
LA,04,0.7452601670253234,0.1564362085583127,0.6135859032179543,0.6097660373216954,0.5861309121985365
LA,05,0.7923988420635977,0.09698008028097553,0.5725032651047767,0.6025808911020585,0.5243038807440489
LA,06,0.7707678708735303,0.0722252775800525,0.6046881138364435,0.6119722233920895,1.3755079052104724
MA,01,0.7651572250577908,0.2870225267976278,0.7484966814281294,0.8114280169442752,0.8095836753513111
MA,02,0.7750960333835016,0.2620265766718156,0.769751558137148,0.7641921672598014,0.6065996309863321
MA,03,0.6952550750103724,0.21258939410145564,0.6771822674706756,0.8113789384579524,0.48901634169855285
MA,04,0.789828883390353,0.167948702381378,0.6481482705150784,0.5188656638071953,0.55086621377294
MA,05,0.6576685799357099,0.1584636916297454,0.6225435954864437,0.44790578349881394,0.5290992718497679
MA,06,0.8956453390294776,0.37272032851463094,0.810270087901381,0.6266338440760421,1.2174148781960132
MA,07,0.5590557729438553,0.07186260883901126,0.3833967534976072,0.582049382439488,1.0491238730684886
MA,08,0.760052677016701,0.136268841506698,0.6041583370354086,0.5605787064326999,1.127816237946497
MA,09,0.9076538347734684,0.2775830194769606,0.7991089910487047,0.8076023054243189,1.1096759607776214
MD,01,0.7162731906906635,0.15958635760259113,0.5497148406381979,0.2011483100887601,0.4762839830205759
MD,02,0.6055442089720795,0.06205028305994798,0.48132328505738253,0.36637561227904714,0.5372049488466765
MD,03,0.5099800731797344,0.03215314639739349,0.33842489347827054,0.3100489684252042,0.37115798737920547
MD,04,0.6135333553145654,0.09213705840273637,0.5484217263542693,0.6465961581287759,0.3937674012552414
MD,05,0.8647833840891723,0.31617903660527724,0.7792722562337532,0.6097463339745581,1.0407417655469697
MD,06,0.36363296314864063,0.07034946062980711,0.3873794793311698,0.78805908793414,0.21025841724077912
MD,07,0.681568875182349,0.08733795822154437,0.5472211534216723,0.5382909688624706,1.2335217861832313
MD,08,0.7320619047830701,0.0797913971677373,0.5359263975742242,0.5387573571250424,0.6063014398010429
ME,01,0.6701574645410798,0.1662017523641782,0.6125673490776776,0.8061904472901621,0.7542261423582153
ME,02,0.9296753538138768,0.29664935793945846,0.8411519464298807,0.7432826233412192,1.0202071915639797
MI,01,0.7533344287581233,0.332321845487024,0.817846197318457,0.8710631062810158,0.8124623262132874
MI,02,0.9390848832931099,0.42771371717876505,0.8838626299467969,0.6708054705181486,1.945792973218851
MI,03,0.8055165839605574,0.24470637000072737,0.7434798644067787,0.7391551059336895,0.8064212253134074
MI,04,0.9195795016823846,0.37671911275052167,0.8084404660872513,0.6667951337427277,0.9294238434618247
MI,05,0.6343354853082654,0.20746711234442222,0.5408219214638266,0.7819734341147437,1.270373115828404
MI,06,0.8447719495720817,0.5205210514774028,0.8875851377789238,0.9772186171155209,1.233937179847824
MI,07,0.7581068359529438,0.2630773152757963,0.7097701458067338,0.4568568257635323,0.5977749935952361
MI,08,0.6096672221046213,0.3240448486785297,0.7630095927548701,0.592156583152297,0.23984473032388026
MI,09,0.6553157437193761,0.17285414802608684,0.6952289405520519,0.7632989650594021,0.5846544381391654
MI,10,0.9720974391099299,0.48876748622423927,0.9023180902690809,0.6554335211816806,1.5831223722170302
MI,11,0.7674172626601511,0.15481491860665175,0.6409872150091512,0.5438263043309169,0.5879352354863113
MI,12,0.6222419374161936,0.20814100233793223,0.6726968485015665,0.6570836881809001,0.34979526173337044
MI,13,0.6788110810882636,0.17849542272243707,0.6117635943705693,0.6110847586732221,0.5876769609435029
MI,14,0.4692357063009188,0.09595879586015883,0.39194108572105407,0.3724924873575448,0.3131145517541857
MI,ZZ,0.2437720327349594,0.18684628079810028,0.08569564407007563,0.0,
MN,01,0.5752465303214465,0.2662463161201143,0.8299453538137639,0.8974327390073149,0.4740764802978671
MN,02,0.710037300634102,0.28470968831595317,0.7435416481164355,0.7871422245385677,1.1569499856506844
MN,03,0.9119981673779108,0.2732524830162004,0.7609123287187096,0.49377704922428167,0.9507087713512348
MN,04,0.8880494417584593,0.5258224575560286,0.8774259577556106,0.9078640482845799,1.1797233667452447
MN,05,0.9461668052240629,0.3711818623355828,0.8255240214251579,0.8855690359187937,1.1275129753520137
MN,06,0.7732605108047323,0.21337059277028525,0.6232528510036603,0.2766630476417783,0.6465583262305853
MN,07,0.780052669090572,0.2173699625541078,0.7298813994987864,0.6118786710643283,0.7956644462923177
MN,08,0.8440825904184118,0.3300927365319161,0.7821073901114058,0.8829242897714034,1.1396994007678893
MO,01,0.9105240379508402,0.2666204587344151,0.7286085649766496,0.8699665657520848,1.1334643794903787
MO,02,0.8747209309783771,0.19832699270583018,0.7620649582235338,0.7567112278647532,0.8631059388197607
MO,03,0.816112994051517,0.21227290311627905,0.7737678431431618,0.32565100620925636,0.5450775884993178
MO,04,0.8372429771593194,0.2277768938737146,0.6764833839322193,0.5520510477758039,0.6226650080964931
MO,05,0.6643384698738497,0.18711502668048363,0.6892719097365252,0.7986716882895186,1.177556276851288
MO,06,0.7092549464518672,0.21958217910334335,0.7646033591825733,0.5649712440486387,0.5526163312139725
MO,07,0.8731435480566235,0.44161122684134546,0.8160957954804098,0.9560062625627981,0.8555214280269736
MO,08,0.8705344452279503,0.3339359476983564,0.8114044241975654,0.9005332592327948,0.7535069464235128
MP,98,0.1317184347303717,0.07683028807790773,0.07948502364618765,,
MS,01,0.8936846010878792,0.34014400845545856,0.812124987079587,0.877518985544962,0.6766816465589196
MS,02,0.8731795867992237,0.14815291928768273,0.7843102812430444,0.7188411133451225,0.8399639347508798
MS,03,0.6641668052695682,0.15871633254611833,0.634374644996167,0.6109689475881938,0.5824880854532407
MS,04,0.9536982792934474,0.4058190616827115,0.8787186233538552,0.9673871225627068,0.9912576395429243
MT,00,0.7794778794061225,0.4217510745861577,0.9300970489501699,1.0,0.8614426942988407
NC,01,0.7228951724254565,0.03992818039199163,0.4991864847184158,0.3599105022472572,0.3473022585886356
NC,02,0.845169237085405,0.10664789565267901,0.7230493977924881,0.6388189975535855,0.5622557936979314
NC,03,0.8136460360647683,0.10254689690556484,0.712818691382618,0.6495285930226277,0.7222263691758305
NC,04,0.5537274000446727,0.048396753235510986,0.3742538759882604,0.44346073636213573,0.27021268507118273
NC,05,0.7534209853925511,0.15426734784722693,0.701532827777532,0.6894866077304023,0.5437600312447539
NC,06,0.6267580737835179,0.11690641858828127,0.7454494305273588,0.5176999206781594,0.6089742026787005
NC,07,0.8423402353588145,0.12477749942144958,0.6337061606621427,0.4891675925419578,0.5501531323702052
NC,08,0.7162129882545776,0.22303162742616292,0.6694922340199174,0.6945783046963405,0.4269761943508096
NC,09,0.5419146117137756,0.08576352055415334,0.5089824447047713,0.5410980687903504,0.6284393817101169
NC,10,0.6931549070073554,0.21955555066976587,0.7014209843051954,0.741503530612967,0.35899949597668157
NC,11,0.6506256736282889,0.20650366482921348,0.8189299067452296,0.8196920814396204,0.525788554506705
NC,12,0.3034767414084171,0.0290796118057482,0.24896713326708209,0.41354569099367944,0.07143280602340076
NC,13,0.7319648195258794,0.06001542885286861,0.5395697578150261,0.4930792707521041,0.637568422742525
ND,00,0.8295201088063459,0.43276689518244343,0.9895128182026441,1.0,0.6385719228651446
NE,01,0.9229027089602414,0.3064944550450424,0.830912291202473,0.4890443399773143,1.1370792509140681
NE,02,0.9415611790840794,0.41312146448538833,0.8600978459767552,0.9622075196145992,2.1162708233818157
NE,03,0.7841105527279246,0.32902989165322294,0.8256185870400746,0.3333470224748325,0.5884128890111437
NH,01,0.7720709446197751,0.17513937425158135,0.6225124366094433,0.8049111548342995,0.8738295579398291
NH,02,0.6891410269842316,0.15237900171110905,0.703394979496558,0.6204555973128298,0.8364716842272214
NJ,01,0.7837123274641152,0.25343421076141187,0.7055929626091839,0.9019471702201262,1.2591975518379723
NJ,02,0.881668630551968,0.3474772502683164,0.8403213491527327,0.7508618958018193,0.873076431957866
NJ,03,0.70118269883442,0.19342177440924227,0.6201638766821094,0.6809943626756145,0.40856290991470406
NJ,04,0.8349417118527598,0.22070522523126102,0.7041211417868665,0.6680036032553297,0.5814869221977409
NJ,05,0.6120262736182249,0.20506249860179374,0.5849977129963533,0.39205242283226116,0.42718749830106406
NJ,06,0.6303107686389918,0.1361597320781875,0.5729401477602775,0.6537226097617123,0.6627780670851271
NJ,07,0.8515667646135818,0.20230087358407534,0.7021962754566635,0.5657811604523666,0.5988816549925978
NJ,08,0.6704854281280953,0.09901130860091648,0.5380625896785177,0.6419987837513385,0.36465338673622094
NJ,09,0.7573783459158903,0.18004709467110136,0.5860439056510979,0.60070286785822,0.6397390919704755
NJ,10,0.73675931046922,0.12557689695374463,0.561853082050776,0.6234166929026659,0.5444182062351303
NJ,11,0.894096863515003,0.21920766156389782,0.7305462323311497,0.6482282527736349,0.8825135597862868
NJ,12,0.7645197315178606,0.15846405165467176,0.6300664447246577,0.5865975551563015,0.4969956151341307
NM,01,0.8018296690569977,0.2554136605205237,0.7120311833140222,0.7841283223549679,7.761641201147306
NM,02,0.8563981385040552,0.39919604607408704,0.8468556946648003,0.4616169401156206,0.9354395688727859
NM,03,0.7160826289644768,0.3649378234401966,0.7922628593981235,0.47109923589724934,0.6472084490176931
NV,01,0.8310698056235241,0.5564917385341022,0.8979366414678303,0.9572840808548289,0.6699574457233315
NV,02,0.8495726297060735,0.5463185158928189,0.8948715057908394,0.9842809657102869,1.4990970471636589
NV,03,0.8243926630973607,0.4130632804490842,0.9026716953302992,0.5187013144661964,3.57740017279177
NV,04,0.890252194341569,0.5098119092087233,0.8698956942408133,0.3473852600641529,2.9168669026799785
NY,01,0.6931299399428188,0.3986167501219419,0.9354475329239788,0.7595602911637023,1.2823546022872032
NY,02,0.8604094745112225,0.423330506818815,0.8220845946610217,0.901894749540701,0.7845916282863382
NY,03,0.826276545644943,0.4244547281105047,0.8724924269619797,0.754831897199987,0.5837395376339367
NY,04,0.9659841987816695,0.44821523571635846,0.8593060718906556,0.7891740209930924,1.517307718295684
NY,05,0.7009135008188061,0.2373256216545071,0.6173069817798844,0.5128709376136653,1.708818464568262
NY,06,0.7584850026864692,0.325694044932547,0.801149401771624,0.7742354809339496,0.6871914024111768
NY,07,0.4999143190043881,0.08999044211817996,0.4310658290537733,0.4511038312914361,0.24766830609422855
NY,08,0.6943168299277301,0.18306129366482368,0.5561747064970384,0.3366263910835572,0.7166169067823641
NY,09,0.8394804440666228,0.2961216902608446,0.6805633515350135,0.7847602719130683,0.7730171412205654
NY,10,0.4888421250537026,0.0936664748624596,0.4592596440257049,0.3991389982303917,0.1824737095121957
NY,11,0.886955221686129,0.4365799114166209,0.8478702050100586,0.7709796069197253,0.7267333282827595
NY,12,0.901863382491538,0.3051341575384094,0.7713469331609025,0.7867739513163016,0.9238211807144403
NY,13,0.6482171084895303,0.2939411542815155,0.6462043226048505,0.6390723434946952,0.4009704879185684
NY,14,0.7196304367442592,0.22161545001803173,0.6657153624243507,0.5505407159327484,0.6921654215668978
NY,15,0.9479191291184588,0.5416693242778509,0.8772714873297252,0.9245192604958882,1.2002385277929661
NY,16,0.8336827631111549,0.37170455082053233,0.8375532755426083,0.8434452941100429,1.3575860358736236
NY,17,0.9121064680206474,0.4535910240429249,0.9059105434501344,0.9323401646158962,0.8200006063178905
NY,18,0.7350796446862655,0.2965577661270557,0.7226637260243749,0.6658795935919571,0.6840000395454653
NY,19,0.8830385746215892,0.2646251224009235,0.7633539950384824,0.414484204787681,0.8575246066788446
NY,20,0.9150424436992102,0.33007687783348216,0.7706277642532908,0.9225157135695832,1.7335539001231832
NY,21,0.9019425890493632,0.4326170941019372,0.8994512532429718,0.8930636125856409,0.613092672693442
NY,22,0.8498402966241309,0.20964231072366513,0.6469435878221073,0.5574955005480127,0.6643303241551204
NY,23,0.5627358270204356,0.28170449562489114,0.7411439834141046,0.6815190214785125,0.3026721300030256
NY,24,0.8870310126749844,0.4159965716959553,0.8178576663919591,0.8894830836269537,1.2102007228643965
NY,25,0.9626950983786435,0.5193133593183529,0.9398272576361313,0.9822170764786143,3.365472695238835
NY,26,0.8460021182099621,0.3734460308280989,0.7715846283997619,0.9654735913195663,0.9713485970090463
NY,27,0.8615442035496396,0.29283753301230836,0.7488896973336177,0.33529672559802254,0.8272205275213028
OH,01,0.6217894433992082,0.15427452015377124,0.6206946779087336,0.5445157762856911,0.642734406814561
OH,02,0.8145202251961888,0.22529485795224635,0.8140385236618974,0.7690291877225129,0.49238745782280524
OH,03,0.8370945107250178,0.05612063488871678,0.6499712654022695,0.7344636048694575,0.7671759976130462
OH,04,0.6374232931747392,0.14393127127733055,0.5355990130200219,0.5589213374448274,0.29528546415649676
OH,05,0.8777266863055649,0.31132893388968397,0.7692351200225629,0.6034181625242382,0.9388345313320904
OH,06,0.5888378429439355,0.14795886400253935,0.601176496628952,0.6098353778240911,0.27103588839319664
OH,07,0.7884805511789117,0.12282513526117768,0.616288511738178,0.3672796364970048,0.5870209021803001
OH,08,0.7311573968429234,0.2755488303317975,0.6170564792768923,0.44266295689415425,0.5725723554361417
OH,09,0.5900665214996701,0.19307164971279908,0.6006353757660668,0.6421382521968436,0.1508513469829368
OH,10,0.624907473257257,0.347058879729906,0.858881118901792,0.9634944030274564,1.304535319282869
OH,11,0.7062052775940466,0.14206062176060166,0.707271695333977,0.5956377460614066,1.28636984066972
OH,12,0.6925607789022973,0.1361892774023424,0.6184008171791195,0.5782296777339208,0.6166664535959979
OH,13,0.6372978538437813,0.08220052887234859,0.5824452710062017,0.6943656953565858,0.2764588216778741
OH,14,0.948917287105842,0.3468892286442384,0.8569448404518485,0.5248514503382267,1.3500281821528606
OH,15,0.7301084871712719,0.1374874873730076,0.6891841681511187,0.4366114113568585,0.7759169796779406
OH,16,0.7652543209111646,0.10926272700944524,0.5756682925258976,0.43830046423810426,0.589205009552282
OK,01,0.6570183533646458,0.2068810648371146,0.4963785276114672,0.8400701374084093,1.3670365763375938
OK,02,0.8714960914481299,0.27031194497403305,0.8055621099624332,0.4662972849511652,0.806432430634518
OK,03,0.6847901515252591,0.2499458668733277,0.6992275116016538,0.39311057050206255,0.78257617128928
OK,04,0.865841916068679,0.248164859115195,0.7616369789777302,0.7602898600658072,0.9979804548813376
OK,05,0.7196962018733164,0.26786490995105144,0.674533734427724,0.7115579767186454,1.1445354343844154
OR,01,0.8326035465505459,0.260526459891379,0.7104671368592849,0.8488677014910821,1.5342349776638182
OR,02,0.9195023062284147,0.4441698088484681,0.8702178610746094,0.9719741522349132,0.6556972369380891
OR,03,0.7707758559353562,0.22304668895580812,0.7128903151718149,0.7545689823267686,2.710272114092576
OR,04,0.9060166752203361,0.3972118222212909,0.8580833269299296,0.8147361705521147,1.4527161899101262
OR,05,0.655839051774326,0.13983320212316733,0.6229098876376394,0.42330556559231036,1.2609237745600623
PA,01,0.5139996738394729,0.07620092192352043,0.5299236049652014,0.5273140153437015,0.33619968156428
PA,02,0.8990155621969781,0.3929883939466799,0.865962600042974,0.8708348655779298,0.976567585842246
PA,03,0.7333354014399786,0.21917026923371902,0.6612759391437627,0.6979249804425377,0.6043830556613212
PA,04,0.810417358380239,0.3617825511804649,0.8532506571280152,0.8738919806519203,1.0109192107819351
PA,05,0.8292059623833313,0.24779679381422298,0.7296081807302247,0.6885062753627006,0.4985949781761608
PA,06,0.6036733172854182,0.07878707589580831,0.5201723791458497,0.6095111342955649,0.40834932268597607
PA,07,0.6366038794894967,0.03950310847312404,0.4584162729430919,0.3317883022385255,0.47993684007269005
PA,08,0.7858393255859626,0.35469377946097325,0.7674062045773742,0.6645910204758164,0.6874202758428332
PA,09,0.6767208604466778,0.12955131591287178,0.6604254471226193,0.5331129429966639,0.33241950769122125
PA,10,0.6514210211808635,0.13765077537837328,0.5949240482543707,0.4014783985873636,0.40990469152466014
PA,11,0.5798813762160505,0.13080779676449386,0.5662006528814899,0.4726710824465716,0.3357844261066638
PA,12,0.47062816731997953,0.09814206394833037,0.4347479771782855,0.30777067663598356,0.2956466248358649
PA,13,0.6809137470077831,0.0733045972489714,0.6036397905219237,0.6260539677663652,0.4861564054878679
PA,14,0.7888594534761422,0.11019813387894778,0.6139205172444065,0.7960033343146776,0.8123248994864171
PA,15,0.4753539241838651,0.1332267686647887,0.6011021556004462,0.5875656348827024,0.24585345227673033
PA,16,0.772265104154894,0.12000257222768297,0.6173302923909466,0.744457877335899,0.5917900892900846
PA,17,0.5672310412241401,0.07807249975325237,0.46187304441191673,0.5233548725851774,0.3545360034995705
PA,18,0.6972285118277837,0.16668357467179645,0.6690681549118082,0.4326961222238641,0.9336348610365638
PR,98,0.6916604175459471,0.26831506848472897,0.7656840567227775,,
RI,01,0.6460885694031858,0.26850835858228883,0.5833295306685494,0.571844107414112,0.850513084650246
RI,02,0.8381512682909388,0.3280858363533651,0.7600156793825952,0.8334307255961119,1.350230087176401
SC,01,0.5573507370776795,0.09949958600637132,0.5875940076112024,0.8276790724707391,0.4937541276565625
SC,02,0.876549055259428,0.16488345572394034,0.7276971280942676,0.7157847985397585,0.7353473452340371
SC,03,0.8353053325182174,0.32648814145423405,0.8573084749754583,0.6538397982214755,1.0464728308467657
SC,04,0.8685507958967957,0.2584109025369906,0.7962819557671905,0.9239453872227131,1.2216725483194508
SC,05,0.8159614668223005,0.2071470684444967,0.7556678434619113,0.49472234076802707,0.6493561762911448
SC,06,0.8440301369307937,0.07930442954870986,0.6573233468338903,0.4001584243799133,0.6741814674536575
SC,07,0.7931959958654147,0.2920793628187478,0.787537987930327,0.9293344266122465,0.6843730393165041
SD,00,0.80371171199816,0.4976944370063929,0.9277366954264099,1.000007369432087,0.4734285292086657
TN,01,0.7211614617727654,0.21505602569576246,0.7693337860652882,0.9137009592382078,0.5942508932817752
TN,02,0.7532905136845434,0.10832077853649288,0.5516009992937859,0.6989489772251968,1.295528431336471
TN,03,0.7193292294192495,0.11528444777458957,0.6178320537321913,0.48718274690364294,0.4456119905988326
TN,04,0.7178609321766042,0.1372055588169248,0.6853350099902116,0.6042371487038161,0.46421347689679054
TN,05,0.7730466947074162,0.2862611394062257,0.7853123494910033,0.8798957309388588,1.2527350399968555
TN,06,0.7844063834408318,0.22470334515244242,0.7089659178818704,0.43209440431002816,0.6374773746850522
TN,07,0.8403487672287825,0.21740933471200696,0.7174383741517745,0.5221725401447314,0.6186341526713435
TN,08,0.8711332146222432,0.25027484160067826,0.8030665082585114,0.6711848789648979,0.6735266493650606
TN,09,0.8569281256864635,0.187515466412296,0.6879151063453138,0.8206118019470129,1.4740851030963251
TX,01,0.8663654848356284,0.20312937858436023,0.7680077965075348,0.8712129338365708,0.9381242864113895
TX,02,0.5185647957069203,0.0737357763090956,0.4205451300393977,0.3598950953467882,0.3618004518218729
TX,03,0.9214860757819802,0.3685261432052806,0.8712390972254638,0.948399912558334,1.7957737947672547
TX,04,0.7778180818428221,0.17535737539704904,0.7807572038371373,0.5698644621194754,0.47738323096413754
TX,05,0.7977754416908814,0.12963490380121567,0.6841195217868556,0.5326423479674598,0.5487696262759557
TX,06,0.822988815551642,0.2105318492836751,0.7635336484228532,0.48414616057479437,1.057841063552872
TX,07,0.6565708464783039,0.13386122196642997,0.5548800012394612,0.5814197206640201,0.41812376722593875
TX,08,0.9578417446499887,0.22984759638211774,0.8399575786944709,0.7106254832539779,1.7781269546773
TX,09,0.6971319078868325,0.15186817115189025,0.6068907332117417,0.6476746827637685,0.5767881473031303
TX,10,0.8238353344187892,0.15032358380755934,0.72502069530298,0.4417190445564622,0.233765214556038
TX,11,0.7030701660594896,0.19450411479948812,0.6156734884110565,0.6733744980935992,0.36512067785058233
TX,12,0.9117119939089601,0.2255652189915054,0.7679495702338122,0.6517533117280724,1.5240705452882317
TX,13,0.713338663267726,0.25738067057667435,0.6744666828936813,0.8631524574625972,0.40624032071569893
TX,14,0.5356418619369862,0.15417284026058034,0.5823071012941434,0.5460340391800015,0.2901321786850677
TX,15,0.527328443705328,0.1256980375485736,0.5199934908535663,0.6028615051859063,0.17965692592528695
TX,16,0.8615810897129567,0.5405622517193486,0.9426848929459418,0.9739273020843936,1.7202149774081756
TX,17,0.9060256276419804,0.18811017900679197,0.6731765543047803,0.5821132479273549,0.5929844880813829
TX,18,0.7771747287382832,0.08027566700859995,0.5871325601046249,0.5304060390631585,0.622076339744445
TX,19,0.725853523731334,0.27619722080299497,0.7088427500947128,0.9088445163842278,0.6680219171019706
TX,20,0.8825157220696495,0.18198938182272328,0.6892963149247993,0.7360741545539904,0.9381612446341028
TX,21,0.8087168968218144,0.1867868678020266,0.7726949545109913,0.4044642970886177,0.8286363082462589
TX,22,0.7705165125506319,0.14320368437258774,0.7039224539611968,0.45084436825350926,0.6885710950840986
TX,23,0.704859773307986,0.2053281310385445,0.7272038486116557,0.3087299819311403,0.2651297460357415
TX,24,0.8207751194003173,0.20968753816433192,0.749345885688105,0.756545239569844,0.5916307069625535
TX,25,0.7284022732569062,0.15916554905368066,0.6063644263091743,0.29204296867160373,0.336448912677021
TX,26,0.958108059704127,0.4637963093682288,0.9108874115984608,0.8133614822181103,1.2171094596050496
TX,27,0.7626275080499215,0.18868184296873242,0.6178825464486197,0.8056738488511581,0.5403776630023897
TX,28,0.6158580764199597,0.1375897142254205,0.49630705040289474,0.507433649277049,0.1980630635205847
TX,29,0.7100883229097631,0.08714661769001554,0.6001272309623127,0.730190689150863,0.5246420045806979
TX,30,0.8555938515949902,0.17491490729288572,0.7599055541672961,0.6564943395694407,0.871854191349957
TX,31,0.9448848000675538,0.4528507169992635,0.8174778385448658,0.8275104255520803,0.8935521600227689
TX,32,0.7541649794682816,0.12446315170072514,0.6166013857806856,0.64401050718658,0.700193496252867
TX,33,0.5001347502292347,0.04396761752944586,0.4296397183689637,0.47027615143892837,0.2282969776939292
TX,34,0.556105442702355,0.12463196999619644,0.5717837815784771,0.4679070733324848,0.3998005737460477
TX,35,0.39573987335313504,0.053752733237673996,0.36496830496056687,0.4734314644500069,0.09677096577674735
TX,36,0.8894359932646877,0.20848999863649562,0.7856958942637078,0.5141509885339047,0.7584548355243426
UT,01,0.5943795920047571,0.2739731651698891,0.6725632884198872,0.29049849279188755,1.9002750890012212
UT,02,0.8942150436804093,0.36113043016696916,0.8177391736986817,0.33774175699560477,0.6093787971415032
UT,03,0.7560250209760807,0.203029071873337,0.6310921731270281,0.8441476573037002,1.809540601178525
UT,04,0.7721951561396747,0.24406488130083842,0.6425962479544687,0.5089122299466541,2.3208382678106205
VA,01,0.7418178752896596,0.17696924842515044,0.7579231753421278,0.6358911224863273,0.3681227752510655
VA,02,0.7296104766285575,0.20742571230347484,0.5822094090452484,0.5586501925100666,1.3079304139256327
VA,03,0.5828493699424709,0.08175220435485708,0.5820269843949974,0.5736631837738169,0.13586602792364846
VA,04,0.7014628902908024,0.19545442025993098,0.7542558845120023,0.6224522891209525,0.4110092900399669
VA,05,0.7547125842485677,0.14744860789377867,0.6520544158870242,0.5164197539627892,0.5231452803345054
VA,06,0.7502415031007077,0.16059135882650935,0.6944174755061255,0.8171317364327497,0.40659765350106736
VA,07,0.7631345949321792,0.1282420604777892,0.6128758769989303,0.5945204762827256,0.8087093901330623
VA,08,0.8558437810524628,0.2631707994929301,0.8033110631287194,0.8977710194262835,1.233449770506333
VA,09,0.6303510584676566,0.16485621059751107,0.6666271890307761,0.7313084840374459,0.38813117204980224
VA,10,0.6508345186216326,0.11943189705641541,0.5915524818248857,0.5065846519003872,0.5954254654444248
VA,11,0.6626108487617764,0.09196048686360378,0.5259230995614426,0.697665005390515,0.48337266773980325
VI,98,0.47858828209541554,0.29909726646433005,0.4179001514099145,,
VT,00,0.8622084622124552,0.36101590206061707,0.8243334357333283,1.0,0.8699734343960555
WA,01,0.858326905259336,0.19629882635606025,0.7268642950274955,0.3886640074110655,1.5132224027770027
WA,02,0.8471347917001109,0.2449391909235233,0.7325715362524543,0.8224591660971945,0.7581347062220599
WA,03,0.6502327069908448,0.2632691646797485,0.7144102533965238,0.9726241186042307,1.5035504789833616
WA,04,0.8182960086419417,0.22100189093222414,0.6571272508801451,0.828171241303633,1.3707539183565287
WA,05,0.8659114278601541,0.4191626059177354,0.8451395402221381,0.9920512567069366,1.606690375624408
WA,06,0.9158351790997347,0.4643776753650635,0.8419106086955443,0.6530333194138269,1.3575403467192568
WA,07,0.7325261420418911,0.3285961083518885,0.791710175476596,0.8217812223509456,1.342836254785187
WA,08,0.773154437952992,0.17625213864563138,0.6617746374474199,0.576448012780188,0.7152501326411863
WA,09,0.7401513149555304,0.15665912947081995,0.6301784879135306,0.7665601366381586,0.6581536864703651
WA,10,0.7746388578218427,0.22843527015787982,0.7562979022905727,0.8310562721449607,0.6700561476813768
WI,01,0.6319579164482441,0.25935466739674423,0.8717198334167874,0.8059654780614918,0.750270266784526
WI,02,0.9316434078496088,0.4089478647625147,0.8774059934864369,0.8741077509792302,1.5488637525966111
WI,03,0.721733028466689,0.16641746857311704,0.5846343404861394,0.7679878862107363,0.5150140280940337
WI,04,0.7931259659352842,0.3317700992255276,0.959388005514485,0.8456541109375576,7.607741004885711
WI,05,0.8856228832208913,0.23663953066147866,0.8209794561314786,0.6576917383661763,0.9840138148248532
WI,06,0.7113308872505928,0.251447186052699,0.7581769209513877,0.6185736201791002,0.9473861586434542
WI,07,0.8797946433848168,0.2511208388166385,0.7158146336687563,0.6545472630950714,0.6851464462771123
WI,08,0.8452186239283297,0.31338450298250303,0.7623509567178063,0.763519174091991,2.087618847781264
WV,01,0.6835877071116256,0.138998580461731,0.4644756219752283,0.8793401997102132,0.47475024912040675
WV,02,0.4587893508771573,0.09306272124117171,0.5062783949100564,0.7293850070428906,0.11969290214776335
WV,03,0.7704472144238343,0.17731076727933423,0.673031535557671,0.6540184802857492,0.6989165744071711
WY,00,0.9071342304539544,0.7261394187169773,0.9975986051623188,1.0,0.7602994251290505
